0,0,8.56581974,2.142857143,0.214285714,-999
0.016666667,1,8.318976402,2.142857143,0.214285714,-999
0.033333333,2,8.340878487,2.142857143,0.214285714,-999
0.05,3,8.389194489,2.142857143,0.214285714,-999
0.066666667,4,8.361050606,2.142857143,0.214285714,-999
0.083333333,5,8.402778626,2.142857143,0.214285714,-999
0.1,6,8.427936554,2.142857143,0.214285714,-999
0.116666667,7,8.426388741,2.142857143,0.214285714,-999
0.133333333,8,8.488746643,2.142857143,0.214285714,-999
0.15,9,8.480864525,2.142857143,0.214285714,-999
0.166666667,10,8.708818436,2.142857143,0.214285714,-999
0.183333333,11,8.349829674,2.142857143,0.214285714,-999
0.2,12,8.463429451,2.142857143,0.214285714,-999
0.216666667,13,8.427331924,2.142857143,0.214285714,-999
0.233333333,14,8.428742409,2.142857143,0.214285714,-999
0.25,15,8.447275162,2.142857143,0.214285714,-999
0.266666667,16,8.537635803,2.142857143,0.214285714,-999
0.283333333,17,8.59382534,2.142857143,0.214285714,-999
0.3,18,8.502009392,2.142857143,0.214285714,-999
0.316666667,19,8.528366089,2.142857143,0.214285714,-999
0.333333333,20,8.610782623,2.142857143,0.214285714,-999
0.35,21,8.564461708,2.142857143,0.214285714,-999
0.366666667,22,8.561440468,2.142857143,0.214285714,-999
0.383333333,23,8.655632019,2.142857143,0.214285714,-999
0.4,24,8.762956619,2.142857143,0.214285714,-999
0.416666667,25,8.739233971,2.142857143,0.214285714,-999
0.433333333,26,8.699995995,2.142857143,0.214285714,-999
0.45,27,8.508397102,2.142857143,0.214285714,-999
0.466666667,28,8.66334343,2.142857143,0.214285714,-999
0.483333333,29,8.741812706,2.142857143,0.214285714,-999
0.5,30,8.863769531,2.142857143,0.214285714,-999
0.516666667,31,8.785131455,2.142857143,0.214285714,-999
0.533333333,32,8.764308929,2.142857143,0.214285714,-999
0.55,33,8.747903824,2.142857143,0.214285714,-999
0.566666667,34,8.681518555,2.142857143,0.214285714,-999
0.583333333,35,8.756072998,2.142857143,0.214285714,-999
0.6,36,8.665023804,2.142857143,0.214285714,-999
0.616666667,37,8.847878456,2.142857143,0.214285714,-999
0.633333333,38,8.827010155,2.142857143,0.214285714,-999
0.65,39,8.718085289,2.142857143,0.214285714,-999
0.666666667,40,8.66554451,2.142857143,0.214285714,-999
0.683333333,41,8.714636803,2.142857143,0.214285714,-999
0.7,42,8.889604569,2.142857143,0.214285714,-999
0.716666667,43,8.83795929,2.142857143,0.214285714,-999
0.733333333,44,8.767656326,2.142857143,0.214285714,-999
0.75,45,8.841592789,2.142857143,0.214285714,-999
0.766666667,46,8.853374481,2.142857143,0.214285714,-999
0.783333333,47,8.909108162,2.142857143,0.214285714,-999
0.8,48,8.741244316,2.142857143,0.214285714,-999
0.816666667,49,8.732987404,2.142857143,0.214285714,-999
0.833333333,50,8.827871323,2.142857143,0.214285714,-999
0.85,51,8.724975586,2.142857143,0.214285714,-999
0.866666667,52,8.871131897,2.142857143,0.214285714,-999
0.883333333,53,9.063961029,2.142857143,0.214285714,-999
0.9,54,8.850716591,2.142857143,0.214285714,-999
0.916666667,55,8.811330795,2.142857143,0.214285714,-999
0.933333333,56,8.907683373,2.142857143,0.214285714,-999
0.95,57,8.716705322,2.142857143,0.214285714,-999
0.966666667,58,8.658305168,2.142857143,0.214285714,-999
0.983333333,59,8.73300457,2.142857143,0.214285714,-999
1,60,8.784907341,2.142857143,0.214285714,-999
1.016666667,61,8.809757233,2.142857143,0.214285714,-999
1.033333333,62,8.748698235,2.142857143,0.214285714,-999
1.05,63,8.665887833,2.142857143,0.214285714,-999
1.066666667,64,8.752249718,2.142857143,0.214285714,-999
1.083333333,65,8.550030708,2.142857143,0.214285714,-999
1.1,66,8.94129467,2.142857143,0.214285714,-999
1.116666667,67,8.501707077,2.142857143,0.214285714,-999
1.133333333,68,8.880194664,2.142857143,0.214285714,-999
1.15,69,8.715784073,2.142857143,0.214285714,-999
1.166666667,70,8.880479813,2.142857143,0.214285714,-999
1.183333333,71,8.585455895,2.142857143,0.214285714,-999
1.2,72,8.730230331,2.142857143,0.214285714,-999
1.216666667,73,8.920039177,2.142857143,0.214285714,-999
1.233333333,74,8.786487579,2.142857143,0.214285714,-999
1.25,75,8.66177845,2.142857143,0.214285714,-999
1.266666667,76,8.57779789,2.142857143,0.214285714,-999
1.283333333,77,8.782038689,2.142857143,0.214285714,-999
1.3,78,8.700946808,2.142857143,0.214285714,-999
1.316666667,79,8.864595413,2.142857143,0.214285714,-999
1.333333333,80,8.660227776,2.142857143,0.214285714,-999
1.35,81,8.757720947,2.142857143,0.214285714,-999
1.366666667,82,8.9424963,2.142857143,0.214285714,-999
1.383333333,83,8.833759308,2.142857143,0.214285714,-999
1.4,84,8.689153671,2.142857143,0.214285714,-999
1.416666667,85,8.848290443,2.142857143,0.214285714,-999
1.433333333,86,8.892561913,2.142857143,0.214285714,-999
1.45,87,8.805300713,2.142857143,0.214285714,-999
1.466666667,88,8.754716873,2.142857143,0.214285714,-999
1.483333333,89,9.066875458,2.142857143,0.214285714,-999
1.5,90,8.807164192,2.142857143,0.214285714,-999
1.516666667,91,8.791814804,2.142857143,0.214285714,-999
1.533333333,92,8.840180397,2.142857143,0.214285714,-999
1.55,93,8.761741638,2.142857143,0.214285714,-999
1.566666667,94,8.740348816,2.142857143,0.214285714,-999
1.583333333,95,8.891738892,2.142857143,0.214285714,-999
1.6,96,8.868824005,2.142857143,0.214285714,-999
1.616666667,97,8.847431183,2.142857143,0.214285714,-999
1.633333333,98,9.055756569,2.142857143,0.214285714,-999
1.65,99,8.949609757,2.142857143,0.214285714,-999
1.666666667,100,8.904828072,2.142857143,0.214285714,-999
1.683333333,101,8.90059948,2.142857143,0.214285714,-999
1.7,102,8.789240837,2.142857143,0.214285714,-999
1.716666667,103,8.860261917,2.142857143,0.214285714,-999
1.733333333,104,8.926308632,2.142857143,0.214285714,-999
1.75,105,8.728609085,2.142857143,0.214285714,-999
1.766666667,106,8.873213768,2.142857143,0.214285714,-999
1.783333333,107,8.735294342,2.142857143,0.214285714,-999
1.8,108,9.050637245,2.142857143,0.214285714,-999
1.816666667,109,9.155926704,2.142857143,0.214285714,-999
1.833333333,110,8.909708023,2.142857143,0.214285714,-999
1.85,111,8.782628059,2.142857143,0.214285714,-999
1.866666667,112,9.086600304,2.142857143,0.214285714,-999
1.883333333,113,8.951095581,2.142857143,0.214285714,-999
1.9,114,9.052840233,2.142857143,0.214285714,-999
1.916666667,115,9.014406204,2.142857143,0.214285714,-999
1.933333333,116,8.942911148,2.142857143,0.214285714,-999
1.95,117,8.9178648,2.142857143,0.214285714,-999
1.966666667,118,9.115210533,2.142857143,0.214285714,-999
1.983333333,119,9.075093269,2.142857143,0.214285714,-999
2,120,8.85657692,2.142857143,0.214285714,-999
2.016666667,121,9.069699287,2.142857143,0.214285714,-999
2.033333333,122,8.92722702,2.142857143,0.214285714,-999
2.05,123,8.924705505,2.142857143,0.214285714,-999
2.066666667,124,8.832410812,2.142857143,0.214285714,-999
2.083333333,125,8.832208633,2.142857143,0.214285714,-999
2.1,126,8.942533493,2.142857143,0.214285714,-999
2.116666667,127,8.889911652,2.142857143,0.214285714,-999
2.133333333,128,9.005401611,2.142857143,0.214285714,-999
2.15,129,8.789495468,2.142857143,0.214285714,-999
2.166666667,130,8.957975388,2.142857143,0.214285714,-999
2.183333333,131,8.599350929,2.142857143,0.214285714,-999
2.2,132,8.70742321,2.142857143,0.214285714,-999
2.216666667,133,8.758526802,2.142857143,0.214285714,-999
2.233333333,134,8.903453827,2.142857143,0.214285714,-999
2.25,135,8.955033302,2.142857143,0.214285714,-999
2.266666667,136,8.852558136,2.142857143,0.214285714,-999
2.283333333,137,8.776496887,2.142857143,0.214285714,-999
2.3,138,8.765187264,2.142857143,0.214285714,-999
2.316666667,139,8.859536171,2.142857143,0.214285714,-999
2.333333333,140,8.937330246,2.142857143,0.214285714,-999
2.35,141,8.999300957,2.142857143,0.214285714,-999
2.366666667,142,8.444608688,2.142857143,0.214285714,-999
2.383333333,143,8.855191231,2.142857143,0.214285714,-999
2.4,144,8.94517231,2.142857143,0.214285714,-999
2.416666667,145,8.902316093,2.142857143,0.214285714,-999
2.433333333,146,8.774722099,2.142857143,0.214285714,-999
2.45,147,8.682197571,2.142857143,0.214285714,-999
2.466666667,148,8.773064613,2.142857143,0.214285714,-999
2.483333333,149,8.383880615,2.142857143,0.214285714,-999
2.5,150,8.822454453,2.142857143,0.214285714,-999
2.516666667,151,9.077327728,2.142857143,0.214285714,-999
2.533333333,152,9.151185036,2.142857143,0.214285714,-999
2.55,153,8.804496765,2.142857143,0.214285714,-999
2.566666667,154,8.755335808,2.142857143,0.214285714,-999
2.583333333,155,9.056513786,2.142857143,0.214285714,-999
2.6,156,9.198576927,2.142857143,0.214285714,-999
2.616666667,157,9.146085739,2.142857143,0.214285714,-999
2.633333333,158,9.1350317,2.142857143,0.214285714,-999
2.65,159,8.892796516,2.142857143,0.214285714,-999
2.666666667,160,8.813776016,2.142857143,0.214285714,-999
2.683333333,161,8.647000313,2.142857143,0.214285714,-999
2.7,162,9.038784027,2.142857143,0.214285714,-999
2.716666667,163,9.072507858,2.142857143,0.214285714,-999
2.733333333,164,8.898528099,2.142857143,0.214285714,-999
2.75,165,9.153917313,2.142857143,0.214285714,-999
2.766666667,166,8.992558479,2.142857143,0.214285714,-999
2.783333333,167,9.241906166,2.142857143,0.214285714,-999
2.8,168,8.908360481,2.142857143,0.214285714,-999
2.816666667,169,8.615931511,2.142857143,0.214285714,-999
2.833333333,170,8.997755051,2.142857143,0.214285714,-999
2.85,171,9.455811501,2.142857143,0.214285714,-999
2.866666667,172,8.910819054,2.142857143,0.214285714,-999
2.883333333,173,8.8590765,2.142857143,0.214285714,-999
2.9,174,8.779635429,2.142857143,0.214285714,-999
2.916666667,175,9.05923748,2.142857143,0.214285714,-999
2.933333333,176,9.021274567,2.142857143,0.214285714,-999
2.95,177,8.902271271,2.142857143,0.214285714,-999
2.966666667,178,8.813230515,2.142857143,0.214285714,-999
2.983333333,179,8.7302351,2.142857143,0.214285714,-999
3,180,8.960382462,2.142857143,0.214285714,-999
3.016666667,181,8.985173225,2.142857143,0.214285714,-999
3.033333333,182,8.401978493,2.142857143,0.214285714,-999
3.05,183,8.79358387,2.142857143,0.214285714,-999
3.066666667,184,9.122514725,2.142857143,0.214285714,-999
3.083333333,185,8.903852463,2.142857143,0.214285714,-999
3.1,186,9.096613884,2.142857143,0.214285714,-999
3.116666667,187,8.969478607,2.142857143,0.214285714,-999
3.133333333,188,8.941066742,2.142857143,0.214285714,-999
3.15,189,8.936218262,2.142857143,0.214285714,-999
3.166666667,190,8.85351181,2.142857143,0.214285714,-999
3.183333333,191,8.832146645,2.142857143,0.214285714,-999
3.2,192,8.946054459,2.142857143,0.214285714,-999
3.216666667,193,9.103756905,2.142857143,0.214285714,-999
3.233333333,194,9.016313553,2.142857143,0.214285714,-999
3.25,195,9.12873745,2.142857143,0.214285714,-999
3.266666667,196,9.207208633,2.142857143,0.214285714,-999
3.283333333,197,9.222050667,2.142857143,0.214285714,-999
3.3,198,9.022452354,2.142857143,0.214285714,-999
3.316666667,199,9.208825111,2.142857143,0.214285714,-999
3.333333333,200,9.092578888,2.142857143,0.214285714,-999
3.35,201,9.080863953,2.142857143,0.214285714,-999
3.366666667,202,8.929364204,2.142857143,0.214285714,-999
3.383333333,203,9.440849304,2.142857143,0.214285714,-999
3.4,204,9.235346794,2.142857143,0.214285714,-999
3.416666667,205,9.073975563,2.142857143,0.214285714,-999
3.433333333,206,8.86837101,2.142857143,0.214285714,-999
3.45,207,8.949925423,2.142857143,0.214285714,-999
3.466666667,208,8.764977455,2.142857143,0.214285714,-999
3.483333333,209,8.990062714,2.142857143,0.214285714,-999
3.5,210,9.18093586,2.142857143,0.214285714,-999
3.516666667,211,9.241819382,2.142857143,0.214285714,-999
3.533333333,212,8.989085197,2.142857143,0.214285714,-999
3.55,213,9.070070267,2.142857143,0.214285714,-999
3.566666667,214,9.084474564,2.142857143,0.214285714,-999
3.583333333,215,9.173893929,2.142857143,0.214285714,-999
3.6,216,9.300515175,2.142857143,0.214285714,-999
3.616666667,217,9.152258873,2.142857143,0.214285714,-999
3.633333333,218,9.02186203,2.142857143,0.214285714,-999
3.65,219,9.165762901,2.142857143,0.214285714,-999
3.666666667,220,9.207187653,2.142857143,0.214285714,-999
3.683333333,221,9.218304634,2.142857143,0.214285714,-999
3.7,222,8.932547569,2.142857143,0.214285714,-999
3.716666667,223,9.14252758,2.142857143,0.214285714,-999
3.733333333,224,8.999684334,2.142857143,0.214285714,-999
3.75,225,8.903213501,2.142857143,0.214285714,-999
3.766666667,226,8.989902496,2.142857143,0.214285714,-999
3.783333333,227,9.096819878,2.142857143,0.214285714,-999
3.8,228,8.966432571,2.142857143,0.214285714,-999
3.816666667,229,8.878852844,2.142857143,0.214285714,-999
3.833333333,230,9.050195694,2.142857143,0.214285714,-999
3.85,231,8.825687408,2.142857143,0.214285714,-999
3.866666667,232,8.969429016,2.142857143,0.214285714,-999
3.883333333,233,9.108514786,2.142857143,0.214285714,-999
3.9,234,8.697955132,2.142857143,0.214285714,-999
3.916666667,235,8.886191368,2.142857143,0.214285714,-999
3.933333333,236,8.856153488,2.142857143,0.214285714,-999
3.95,237,8.97188282,2.142857143,0.214285714,-999
3.966666667,238,8.938153267,2.142857143,0.214285714,-999
3.983333333,239,8.93825531,2.142857143,0.214285714,-999
4,240,8.936037064,2.142857143,0.214285714,-999
4.016666667,241,8.852953911,2.142857143,0.214285714,-999
4.033333333,242,9.004576683,2.142857143,0.214285714,-999
4.05,243,8.871253967,2.142857143,0.214285714,-999
4.066666667,244,8.864357948,2.142857143,0.214285714,-999
4.083333333,245,9.003563881,2.142857143,0.214285714,-999
4.1,246,9.067919731,2.142857143,0.214285714,-999
4.116666667,247,8.894029617,2.142857143,0.214285714,-999
4.133333333,248,8.92206955,2.142857143,0.214285714,-999
4.15,249,8.7651577,2.142857143,0.214285714,-999
4.166666667,250,9.102791786,2.142857143,0.214285714,-999
4.183333333,251,9.332679749,2.142857143,0.214285714,-999
4.2,252,8.696782112,2.142857143,0.214285714,-999
4.216666667,253,8.855051041,2.142857143,0.214285714,-999
4.233333333,254,8.798601151,2.142857143,0.214285714,-999
4.25,255,8.868710518,2.142857143,0.214285714,-999
4.266666667,256,8.944108009,2.142857143,0.214285714,-999
4.283333333,257,9.008255005,2.142857143,0.214285714,-999
4.3,258,8.75864315,2.142857143,0.214285714,-999
4.316666667,259,8.960352898,2.142857143,0.214285714,-999
4.333333333,260,8.976607323,2.142857143,0.214285714,-999
4.35,261,9.110955238,2.142857143,0.214285714,-999
4.366666667,262,8.798351288,2.142857143,0.214285714,-999
4.383333333,263,8.74793148,2.142857143,0.214285714,-999
4.4,264,8.820444107,2.142857143,0.214285714,-999
4.416666667,265,8.75715065,2.142857143,0.214285714,-999
4.433333333,266,8.764415741,2.142857143,0.214285714,-999
4.45,267,8.663983345,2.142857143,0.214285714,-999
4.466666667,268,8.751111031,2.142857143,0.214285714,-999
4.483333333,269,8.759130478,2.142857143,0.214285714,-999
4.5,270,8.945868492,2.142857143,0.214285714,-999
4.516666667,271,8.794267654,2.142857143,0.214285714,-999
4.533333333,272,8.849486351,2.142857143,0.214285714,-999
4.55,273,8.831599236,2.142857143,0.214285714,-999
4.566666667,274,8.773439407,2.142857143,0.214285714,-999
4.583333333,275,8.684298515,2.142857143,0.214285714,-999
4.6,276,8.851079941,2.142857143,0.214285714,-999
4.616666667,277,9.04480648,2.142857143,0.214285714,-999
4.633333333,278,8.969069481,2.142857143,0.214285714,-999
4.65,279,8.830144882,2.142857143,0.214285714,-999
4.666666667,280,8.751067162,2.142857143,0.214285714,-999
4.683333333,281,8.858912468,2.142857143,0.214285714,-999
4.7,282,9.247158051,2.142857143,0.214285714,-999
4.716666667,283,9.097538948,2.142857143,0.214285714,-999
4.733333333,284,9.077708244,2.142857143,0.214285714,-999
4.75,285,9.046572685,2.142857143,0.214285714,-999
4.766666667,286,9.189339638,2.142857143,0.214285714,-999
4.783333333,287,9.050509453,2.142857143,0.214285714,-999
4.8,288,9.049342156,2.142857143,0.214285714,-999
4.816666667,289,8.925767899,2.142857143,0.214285714,-999
4.833333333,290,9.001783371,2.142857143,0.214285714,-999
4.85,291,8.930464745,2.142857143,0.214285714,-999
4.866666667,292,8.824119568,2.142857143,0.214285714,-999
4.883333333,293,8.837545395,2.142857143,0.214285714,-999
4.9,294,8.819957733,2.142857143,0.214285714,-999
4.916666667,295,8.981103897,2.142857143,0.214285714,-999
4.933333333,296,8.957321167,2.142857143,0.214285714,-999
4.95,297,8.842859268,2.142857143,0.214285714,-999
4.966666667,298,8.795620918,2.142857143,0.214285714,-999
4.983333333,299,9.167853355,2.142857143,0.214285714,-999
5,300,9.199232101,2.142857143,0.214285714,-999
5.016666667,301,8.946356773,2.142857143,0.214285714,-999
5.033333333,302,9.000116348,2.142857143,0.214285714,-999
5.05,303,9.286155701,2.142857143,0.214285714,-999
5.066666667,304,8.980027199,2.142857143,0.214285714,-999
5.083333333,305,8.992524147,2.142857143,0.214285714,-999
5.1,306,9.09482193,2.142857143,0.214285714,-999
5.116666667,307,8.957872391,2.142857143,0.214285714,-999
5.133333333,308,9.120537758,2.142857143,0.214285714,-999
5.15,309,9.415764809,2.142857143,0.214285714,-999
5.166666667,310,9.112412453,2.142857143,0.214285714,-999
5.183333333,311,9.215517044,2.142857143,0.214285714,-999
5.2,312,9.213036537,2.142857143,0.214285714,-999
5.216666667,313,9.061739922,2.142857143,0.214285714,-999
5.233333333,314,8.932148933,2.142857143,0.214285714,-999
5.25,315,8.932862282,2.142857143,0.214285714,-999
5.266666667,316,8.786480904,2.142857143,0.214285714,-999
5.283333333,317,9.172890663,2.142857143,0.214285714,-999
5.3,318,9.029239655,2.142857143,0.214285714,-999
5.316666667,319,9.033226013,2.142857143,0.214285714,-999
5.333333333,320,8.744698525,2.142857143,0.214285714,-999
5.35,321,8.891821861,2.142857143,0.214285714,-999
5.366666667,322,8.896092415,2.142857143,0.214285714,-999
5.383333333,323,7.619929314,2.142857143,0.214285714,-999
5.4,324,8.7585392,2.142857143,0.214285714,-999
5.416666667,325,8.810029984,2.142857143,0.214285714,-999
5.433333333,326,8.866409302,2.142857143,0.214285714,-999
5.45,327,9.108485222,2.142857143,0.214285714,-999
5.466666667,328,9.192976952,2.142857143,0.214285714,-999
5.483333333,329,8.849711418,2.142857143,0.214285714,-999
5.5,330,9.149303436,2.142857143,0.214285714,-999
5.516666667,331,8.979644775,2.142857143,0.214285714,-999
5.533333333,332,8.965925217,2.142857143,0.214285714,-999
5.55,333,8.866103172,2.142857143,0.214285714,-999
5.566666667,334,8.901096344,2.142857143,0.214285714,-999
5.583333333,335,9.288377762,2.142857143,0.214285714,-999
5.6,336,9.046229363,2.142857143,0.214285714,-999
5.616666667,337,8.975992203,2.142857143,0.214285714,-999
5.633333333,338,8.863602638,2.142857143,0.214285714,-999
5.65,339,8.815114975,2.142857143,0.214285714,-999
5.666666667,340,9.017021179,2.142857143,0.214285714,-999
5.683333333,341,8.670330048,2.142857143,0.214285714,-999
5.7,342,8.674337387,2.142857143,0.214285714,-999
5.716666667,343,9.026783943,2.142857143,0.214285714,-999
5.733333333,344,8.863067627,2.142857143,0.214285714,-999
5.75,345,8.995471001,2.142857143,0.214285714,-999
5.766666667,346,9.53852272,2.142857143,0.214285714,-999
5.783333333,347,9.313024521,2.142857143,0.214285714,-999
5.8,348,9.332613945,2.142857143,0.214285714,-999
5.816666667,349,9.349422455,2.142857143,0.214285714,-999
5.833333333,350,9.078944206,2.142857143,0.214285714,-999
5.85,351,8.933812141,2.142857143,0.214285714,-999
5.866666667,352,9.148695946,2.142857143,0.214285714,-999
5.883333333,353,9.071953774,2.142857143,0.214285714,-999
5.9,354,8.964412689,2.142857143,0.214285714,-999
5.916666667,355,9.091139793,2.142857143,0.214285714,-999
5.933333333,356,9.11408329,2.142857143,0.214285714,-999
5.95,357,9.235093117,2.142857143,0.214285714,-999
5.966666667,358,9.204746246,2.142857143,0.214285714,-999
5.983333333,359,9.054286003,2.142857143,0.214285714,-999
6,360,9.152263641,2.142857143,0.214285714,-999
6.016666667,361,9.120471001,2.142857143,0.214285714,-999
6.033333333,362,9.028909683,2.142857143,0.214285714,-999
6.05,363,8.954164505,2.142857143,0.214285714,-999
6.066666667,364,8.850361824,2.142857143,0.214285714,-999
6.083333333,365,8.967839241,2.142857143,0.214285714,-999
6.1,366,8.759549141,2.142857143,0.214285714,-999
6.116666667,367,8.895681381,2.142857143,0.214285714,-999
6.133333333,368,8.929991722,2.142857143,0.214285714,-999
6.15,369,8.728755951,2.142857143,0.214285714,-999
6.166666667,370,8.862316132,2.142857143,0.214285714,-999
6.183333333,371,8.917963982,2.142857143,0.214285714,-999
6.2,372,8.940070152,2.142857143,0.214285714,-999
6.216666667,373,8.839805603,2.142857143,0.214285714,-999
6.233333333,374,8.765203476,2.142857143,0.214285714,-999
6.25,375,8.728538513,2.142857143,0.214285714,-999
6.266666667,376,8.752980232,2.142857143,0.214285714,-999
6.283333333,377,8.930417061,2.142857143,0.214285714,-999
6.3,378,8.732988358,2.142857143,0.214285714,-999
6.316666667,379,8.745662689,2.142857143,0.214285714,-999
6.333333333,380,8.835767746,2.142857143,0.214285714,-999
6.35,381,8.752369881,2.142857143,0.214285714,-999
6.366666667,382,8.755534172,2.142857143,0.214285714,-999
6.383333333,383,8.89543438,2.142857143,0.214285714,-999
6.4,384,8.783219338,2.142857143,0.214285714,-999
6.416666667,385,8.739827156,2.142857143,0.214285714,-999
6.433333333,386,8.879003525,2.142857143,0.214285714,-999
6.45,387,8.679406166,2.142857143,0.214285714,-999
6.466666667,388,8.980282784,2.142857143,0.214285714,-999
6.483333333,389,9.047000885,2.142857143,0.214285714,-999
6.5,390,8.902907372,2.142857143,0.214285714,-999
6.516666667,391,8.833459854,2.142857143,0.214285714,-999
6.533333333,392,8.792984009,2.142857143,0.214285714,-999
6.55,393,8.821781158,2.142857143,0.214285714,-999
6.566666667,394,8.835003853,2.142857143,0.214285714,-999
6.583333333,395,8.903671265,2.142857143,0.214285714,-999
6.6,396,8.958623886,2.142857143,0.214285714,-999
6.616666667,397,8.88073349,2.142857143,0.214285714,-999
6.633333333,398,8.932963371,2.142857143,0.214285714,-999
6.65,399,8.975977898,2.142857143,0.214285714,-999
6.666666667,400,8.905124664,2.142857143,0.214285714,-999
6.683333333,401,9.338597298,2.142857143,0.214285714,-999
6.7,402,9.03999424,2.142857143,0.214285714,-999
6.716666667,403,9.182667732,2.142857143,0.214285714,-999
6.733333333,404,9.077994347,2.142857143,0.214285714,-999
6.75,405,9.033809662,2.142857143,0.214285714,-999
6.766666667,406,9.229801178,2.142857143,0.214285714,-999
6.783333333,407,9.061267853,2.142857143,0.214285714,-999
6.8,408,9.035071373,2.142857143,0.214285714,-999
6.816666667,409,8.910791397,2.142857143,0.214285714,-999
6.833333333,410,9.087323189,2.142857143,0.214285714,-999
6.85,411,9.046849251,2.142857143,0.214285714,-999
6.866666667,412,8.923742294,2.142857143,0.214285714,-999
6.883333333,413,8.799937248,2.142857143,0.214285714,-999
6.9,414,8.800447464,2.142857143,0.214285714,-999
6.916666667,415,9.096463203,2.142857143,0.214285714,-999
6.933333333,416,8.937418938,2.142857143,0.214285714,-999
6.95,417,8.887628555,2.142857143,0.214285714,-999
6.966666667,418,8.943096161,2.142857143,0.214285714,-999
6.983333333,419,8.916196823,2.142857143,0.214285714,-999
7,420,9.027119637,2.142857143,0.214285714,-999
7.016666667,421,9.240008354,2.142857143,0.214285714,-999
7.033333333,422,9.476179123,2.142857143,0.214285714,-999
7.05,423,9.277515411,2.142857143,0.214285714,-999
7.066666667,424,9.171268463,2.142857143,0.214285714,-999
7.083333333,425,9.295235634,2.142857143,0.214285714,-999
7.1,426,9.19205761,2.142857143,0.214285714,-999
7.116666667,427,8.952999115,2.142857143,0.214285714,-999
7.133333333,428,9.044940949,2.142857143,0.214285714,-999
7.15,429,8.827570915,2.142857143,0.214285714,-999
7.166666667,430,8.945829392,2.142857143,0.214285714,-999
7.183333333,431,8.798573494,2.142857143,0.214285714,-999
7.2,432,9.115924835,2.142857143,0.214285714,-999
7.216666667,433,9.011343002,2.142857143,0.214285714,-999
7.233333333,434,9.038939476,2.142857143,0.214285714,-999
7.25,435,9.061383247,2.142857143,0.214285714,-999
7.266666667,436,8.734240532,2.142857143,0.214285714,-999
7.283333333,437,9.024405479,2.142857143,0.214285714,-999
7.3,438,8.903079987,2.142857143,0.214285714,-999
7.316666667,439,8.893860817,2.142857143,0.214285714,-999
7.333333333,440,9.19052124,2.142857143,0.214285714,-999
7.35,441,9.078721046,2.142857143,0.214285714,-999
7.366666667,442,9.029665947,2.142857143,0.214285714,-999
7.383333333,443,9.023900986,2.142857143,0.214285714,-999
7.4,444,8.939766884,2.142857143,0.214285714,-999
7.416666667,445,8.919289589,2.142857143,0.214285714,-999
7.433333333,446,9.173686028,2.142857143,0.214285714,-999
7.45,447,8.905389786,2.142857143,0.214285714,-999
7.466666667,448,9.222724915,2.142857143,0.214285714,-999
7.483333333,449,9.211508751,2.142857143,0.214285714,-999
7.5,450,9.287093163,2.142857143,0.214285714,-999
7.516666667,451,9.294812203,2.142857143,0.214285714,-999
7.533333333,452,9.103768349,2.142857143,0.214285714,-999
7.55,453,9.016436577,2.142857143,0.214285714,-999
7.566666667,454,9.038991928,2.142857143,0.214285714,-999
7.583333333,455,9.123440743,2.142857143,0.214285714,-999
7.6,456,9.196468353,2.142857143,0.214285714,-999
7.616666667,457,9.294472694,2.142857143,0.214285714,-999
7.633333333,458,9.128435135,2.142857143,0.214285714,-999
7.65,459,9.051383972,2.142857143,0.214285714,-999
7.666666667,460,8.974263191,2.142857143,0.214285714,-999
7.683333333,461,8.97973156,2.142857143,0.214285714,-999
7.7,462,8.77616024,2.142857143,0.214285714,-999
7.716666667,463,9.029706001,2.142857143,0.214285714,-999
7.733333333,464,9.12345314,2.142857143,0.214285714,-999
7.75,465,9.089572907,2.142857143,0.214285714,-999
7.766666667,466,9.231295586,2.142857143,0.214285714,-999
7.783333333,467,9.016419411,2.142857143,0.214285714,-999
7.8,468,9.519589424,2.142857143,0.214285714,-999
7.816666667,469,9.326861382,2.142857143,0.214285714,-999
7.833333333,470,9.268971443,2.142857143,0.214285714,-999
7.85,471,9.30744648,2.142857143,0.214285714,-999
7.866666667,472,9.329808235,2.142857143,0.214285714,-999
7.883333333,473,9.155114174,2.142857143,0.214285714,-999
7.9,474,9.080172539,2.142857143,0.214285714,-999
7.916666667,475,8.874118805,2.142857143,0.214285714,-999
7.933333333,476,8.860431671,2.142857143,0.214285714,-999
7.95,477,9.010761261,2.142857143,0.214285714,-999
7.966666667,478,8.892409325,2.142857143,0.214285714,-999
7.983333333,479,9.072424889,2.142857143,0.214285714,-999
8,480,9.169478416,2.142857143,0.214285714,-999
8.016666667,481,9.066901207,2.142857143,0.214285714,-999
8.033333333,482,9.100959778,2.142857143,0.214285714,-999
8.05,483,9.02510643,2.142857143,0.214285714,-999
8.066666667,484,9.178944588,2.142857143,0.214285714,-999
8.083333333,485,8.935061455,2.142857143,0.214285714,-999
8.1,486,9.044901848,2.142857143,0.214285714,-999
8.116666667,487,9.119924545,2.142857143,0.214285714,-999
8.133333333,488,9.108409882,2.142857143,0.214285714,-999
8.15,489,8.864252091,2.142857143,0.214285714,-999
8.166666667,490,9.238759995,2.142857143,0.214285714,-999
8.183333333,491,9.022578239,2.142857143,0.214285714,-999
8.2,492,9.042636871,2.142857143,0.214285714,-999
8.216666667,493,9.136616707,2.142857143,0.214285714,-999
8.233333333,494,9.1983881,2.142857143,0.214285714,-999
8.25,495,9.118453026,2.142857143,0.214285714,-999
8.266666667,496,8.954863548,2.142857143,0.214285714,-999
8.283333333,497,9.050848007,2.142857143,0.214285714,-999
8.3,498,8.942968369,2.142857143,0.214285714,-999
8.316666667,499,9.187712669,2.142857143,0.214285714,-999
8.333333333,500,9.268644333,2.142857143,0.214285714,-999
8.35,501,9.241737366,2.142857143,0.214285714,-999
8.366666667,502,9.120965004,2.142857143,0.214285714,-999
8.383333333,503,9.00953579,2.142857143,0.214285714,-999
8.4,504,9.421572685,2.142857143,0.214285714,-999
8.416666667,505,9.078554153,2.142857143,0.214285714,-999
8.433333333,506,8.988069534,2.142857143,0.214285714,-999
8.45,507,9.14097023,2.142857143,0.214285714,-999
8.466666667,508,9.04275322,2.142857143,0.214285714,-999
8.483333333,509,9.127250671,2.142857143,0.214285714,-999
8.5,510,9.224155426,2.142857143,0.214285714,-999
8.516666667,511,9.022542954,2.142857143,0.214285714,-999
8.533333333,512,8.947468758,2.142857143,0.214285714,-999
8.55,513,9.272275925,2.142857143,0.214285714,-999
8.566666667,514,9.274641991,2.142857143,0.214285714,-999
8.583333333,515,8.940544128,2.142857143,0.214285714,-999
8.6,516,8.857341766,2.142857143,0.214285714,-999
8.616666667,517,9.024895668,2.142857143,0.214285714,-999
8.633333333,518,8.917307854,2.142857143,0.214285714,-999
8.65,519,9.076296806,2.142857143,0.214285714,-999
8.666666667,520,9.001883507,2.142857143,0.214285714,-999
8.683333333,521,8.894098282,2.142857143,0.214285714,-999
8.7,522,9.357927322,2.142857143,0.214285714,-999
8.716666667,523,9.349522591,2.142857143,0.214285714,-999
8.733333333,524,9.176013947,2.142857143,0.214285714,-999
8.75,525,9.058521271,2.142857143,0.214285714,-999
8.766666667,526,9.503769875,2.142857143,0.214285714,-999
8.783333333,527,9.53616333,2.142857143,0.214285714,-999
8.8,528,9.373481751,2.142857143,0.214285714,-999
8.816666667,529,9.029373169,2.142857143,0.214285714,-999
8.833333333,530,8.699710846,2.142857143,0.214285714,-999
8.85,531,8.753085136,2.142857143,0.214285714,-999
8.866666667,532,8.747021675,2.142857143,0.214285714,-999
8.883333333,533,8.824147224,2.142857143,0.214285714,-999
8.9,534,8.786340714,2.142857143,0.214285714,-999
8.916666667,535,8.991674423,2.142857143,0.214285714,-999
8.933333333,536,9.055542946,2.142857143,0.214285714,-999
8.95,537,8.898223877,2.142857143,0.214285714,-999
8.966666667,538,8.710127831,2.142857143,0.214285714,-999
8.983333333,539,9.067158699,2.142857143,0.214285714,-999
9,540,8.77613163,2.142857143,0.214285714,-999
9.016666667,541,8.817669869,2.142857143,0.214285714,-999
9.033333333,542,8.791428566,2.142857143,0.214285714,-999
9.05,543,8.96868515,2.142857143,0.214285714,-999
9.066666667,544,9.109190941,2.142857143,0.214285714,-999
9.083333333,545,8.828278542,2.142857143,0.214285714,-999
9.1,546,8.85621357,2.142857143,0.214285714,-999
9.116666667,547,8.69636631,2.142857143,0.214285714,-999
9.133333333,548,8.832012177,2.142857143,0.214285714,-999
9.15,549,8.851593018,2.142857143,0.214285714,-999
9.166666667,550,8.858117104,2.142857143,0.214285714,-999
9.183333333,551,8.797592163,2.142857143,0.214285714,-999
9.2,552,8.792167664,2.142857143,0.214285714,-999
9.216666667,553,8.757452011,2.142857143,0.214285714,-999
9.233333333,554,8.772933006,2.142857143,0.214285714,-999
9.25,555,8.887775421,2.142857143,0.214285714,-999
9.266666667,556,8.874798775,2.142857143,0.214285714,-999
9.283333333,557,8.9152565,2.142857143,0.214285714,-999
9.3,558,8.80031395,2.142857143,0.214285714,-999
9.316666667,559,9.030158043,2.142857143,0.214285714,-999
9.333333333,560,8.769136429,2.142857143,0.214285714,-999
9.35,561,8.692255974,2.142857143,0.214285714,-999
9.366666667,562,8.693267822,2.142857143,0.214285714,-999
9.383333333,563,8.919805527,2.142857143,0.214285714,-999
9.4,564,8.640545845,2.142857143,0.214285714,-999
9.416666667,565,8.595145226,2.142857143,0.214285714,-999
9.433333333,566,8.570624352,2.142857143,0.214285714,-999
9.45,567,8.85640049,2.142857143,0.214285714,-999
9.466666667,568,9.020132065,2.142857143,0.214285714,-999
9.483333333,569,8.580165863,2.142857143,0.214285714,-999
9.5,570,9.010995865,2.142857143,0.214285714,-999
9.516666667,571,9.240912437,2.142857143,0.214285714,-999
9.533333333,572,9.041003227,2.142857143,0.214285714,-999
9.55,573,9.206046104,2.142857143,0.214285714,-999
9.566666667,574,9.04579258,2.142857143,0.214285714,-999
9.583333333,575,8.888654709,2.142857143,0.214285714,-999
9.6,576,8.862550736,2.142857143,0.214285714,-999
9.616666667,577,9.215357781,2.142857143,0.214285714,-999
9.633333333,578,9.056044579,2.142857143,0.214285714,-999
9.65,579,9.371559143,2.142857143,0.214285714,-999
9.666666667,580,8.988238335,2.142857143,0.214285714,-999
9.683333333,581,9.166744232,2.142857143,0.214285714,-999
9.7,582,8.68956089,2.142857143,0.214285714,-999
9.716666667,583,9.151267052,2.142857143,0.214285714,-999
9.733333333,584,9.024073601,2.142857143,0.214285714,-999
9.75,585,9.043400765,2.142857143,0.214285714,-999
9.766666667,586,8.946526527,2.142857143,0.214285714,-999
9.783333333,587,8.679743767,2.142857143,0.214285714,-999
9.8,588,8.89774704,2.142857143,0.214285714,-999
9.816666667,589,8.835985184,2.142857143,0.214285714,-999
9.833333333,590,8.91077137,2.142857143,0.214285714,-999
9.85,591,8.793307304,2.142857143,0.214285714,-999
9.866666667,592,8.774060249,2.142857143,0.214285714,-999
9.883333333,593,8.713495255,2.142857143,0.214285714,-999
9.9,594,8.937589645,2.142857143,0.214285714,-999
9.916666667,595,8.727005005,2.142857143,0.214285714,-999
9.933333333,596,8.673597336,2.142857143,0.214285714,-999
9.95,597,8.775313377,2.142857143,0.214285714,-999
9.966666667,598,8.931497574,2.142857143,0.214285714,-999
9.983333333,599,8.93592453,2.142857143,0.214285714,-999
10,600,8.772580147,2.142857143,0.214285714,-999
10.01666667,601,8.664348602,2.142857143,0.214285714,-999
10.03333333,602,8.844864845,2.142857143,0.214285714,-999
10.05,603,8.989792824,2.142857143,0.214285714,-999
10.06666667,604,8.846075058,2.142857143,0.214285714,-999
10.08333333,605,8.511350632,2.142857143,0.214285714,-999
10.1,606,8.754068375,2.142857143,0.214285714,-999
10.11666667,607,9.176003456,2.142857143,0.214285714,-999
10.13333333,608,8.879200935,2.142857143,0.214285714,-999
10.15,609,8.849573135,2.142857143,0.214285714,-999
10.16666667,610,8.875069618,2.142857143,0.214285714,-999
10.18333333,611,9.010978699,2.142857143,0.214285714,-999
10.2,612,9.082397461,2.142857143,0.214285714,-999
10.21666667,613,8.922359467,2.142857143,0.214285714,-999
10.23333333,614,8.999002457,2.142857143,0.214285714,-999
10.25,615,9.164093018,2.142857143,0.214285714,-999
10.26666667,616,8.917512894,,-999,
10.28333333,617,8.852286339,,,
10.3,618,8.922581673,,,
10.31666667,619,8.874108315,,,
10.33333333,620,8.532909393,,,
10.35,621,7.554670334,,,
10.36666667,622,8.811307907,,,
10.38333333,623,8.968819618,,,
10.4,624,8.91822052,,,
10.41666667,625,8.966516495,,,
10.43333333,626,9.120868683,,,
10.45,627,9.093004227,,,
10.46666667,628,8.965209007,,,
10.48333333,629,8.819107056,,,
10.5,630,8.917082787,,,
10.51666667,631,8.700440407,,,
10.53333333,632,8.79248333,,,
10.55,633,8.87610817,,,
10.56666667,634,9.089836121,,,
10.58333333,635,9.382507324,,,
10.6,636,8.92502594,,,
10.61666667,637,9.039928436,,,
10.63333333,638,8.683841705,,,
10.65,639,8.872766495,,,
10.66666667,640,8.624398232,,,
10.68333333,641,8.572125435,,,
10.7,642,8.709383965,,,
10.71666667,643,8.860699654,,,
10.73333333,644,9.023914337,,,
10.75,645,8.770206451,,,
10.76666667,646,8.843900681,,,
10.78333333,647,8.765116692,,,
10.8,648,8.742459297,,,
10.81666667,649,8.748163223,,,
10.83333333,650,8.852620125,,,
10.85,651,8.928264618,,,
10.86666667,652,9.0884161,,,
10.88333333,653,8.641046524,,,
10.9,654,8.705217362,,,
10.91666667,655,8.644720078,,,
10.93333333,656,8.677973747,,,
10.95,657,8.693214417,,,
10.96666667,658,8.535984039,,,
10.98333333,659,8.48432827,,,
11,660,8.698643684,,,
11.01666667,661,8.60026741,,,
11.03333333,662,8.920962334,,,
11.05,663,8.523909569,,,
11.06666667,664,8.862901688,,,
11.08333333,665,8.872188568,,,
11.1,666,8.811400414,,,
11.11666667,667,8.645498276,,,
11.13333333,668,8.905022621,,,
11.15,669,8.866740227,,,
11.16666667,670,8.902791023,,,
11.18333333,671,8.699444771,,,
11.2,672,8.850552559,,,
11.21666667,673,8.755447388,,,
11.23333333,674,9.084869385,,,
11.25,675,8.645226479,,,
11.26666667,676,8.476390839,,,
11.28333333,677,8.574790955,,,
11.3,678,8.374624252,,,
11.31666667,679,8.427998543,,,
11.33333333,680,8.603145599,,,
11.35,681,8.450385094,,,
11.36666667,682,8.362908363,,,
11.38333333,683,8.473117828,,,
11.4,684,8.559144974,,,
11.41666667,685,8.517765999,,,
11.43333333,686,8.77780056,,,
11.45,687,8.496108055,,,
11.46666667,688,8.515613556,,,
11.48333333,689,8.463193893,,,
11.5,690,8.459240913,,,
11.51666667,691,8.378590584,,,
11.53333333,692,8.487005234,,,
11.55,693,8.134703636,,,
11.56666667,694,8.333371162,,,
11.58333333,695,8.686047554,,,
11.6,696,8.498298645,,,
11.61666667,697,8.467616081,,,
11.63333333,698,8.386189461,,,
11.65,699,8.483265877,,,
11.66666667,700,8.558707237,,,
11.68333333,701,8.65541172,,,
11.7,702,8.589624405,,,
11.71666667,703,8.349520683,,,
11.73333333,704,8.784503937,,,
11.75,705,8.730863571,,,
11.76666667,706,8.509263039,,,
11.78333333,707,8.30418396,,,
11.8,708,8.599925041,,,
11.81666667,709,8.444057465,,,
11.83333333,710,8.497062683,,,
11.85,711,8.505025864,,,
11.86666667,712,8.543595314,,,
11.88333333,713,8.602065086,,,
11.9,714,8.519407272,,,
11.91666667,715,8.529648781,,,
11.93333333,716,8.383434296,,,
11.95,717,8.384430885,,,
11.96666667,718,8.444501877,,,
11.98333333,719,8.611158371,,,
12,720,8.393390656,,,
12.01666667,721,8.195593834,,,
12.03333333,722,8.203537941,,,
12.05,723,8.2941885,,,
12.06666667,724,8.25226593,,,
12.08333333,725,8.198036194,,,
12.1,726,8.167863846,,,
12.11666667,727,8.657164574,,,
12.13333333,728,8.362758637,,,
12.15,729,8.567637444,,,
12.16666667,730,8.547942162,,,
12.18333333,731,8.382191658,,,
12.2,732,8.35895443,,,
12.21666667,733,8.561553955,,,
12.23333333,734,8.434915543,,,
12.25,735,8.400610924,,,
12.26666667,736,8.694190025,,,
12.28333333,737,8.48346138,,,
12.3,738,8.566184998,,,
12.31666667,739,8.574899674,,,
12.33333333,740,8.60678196,,,
12.35,741,8.623142242,,,
12.36666667,742,8.459065437,,,
12.38333333,743,8.700945854,,,
12.4,744,8.715876579,,,
12.41666667,745,8.513325691,,,
12.43333333,746,8.425965309,,,
12.45,747,8.344864845,,,
12.46666667,748,8.529470444,,,
12.48333333,749,8.395794869,,,
12.5,750,8.208724022,,,
12.51666667,751,8.160177231,,,
12.53333333,752,8.354980469,,,
12.55,753,8.565469742,,,
12.56666667,754,8.724898338,,,
12.58333333,755,8.545396805,,,
12.6,756,8.213521957,,,
12.61666667,757,8.382328033,,,
12.63333333,758,8.400256157,,,
12.65,759,8.251256943,,,
12.66666667,760,8.130228996,,,
12.68333333,761,8.162704468,,,
12.7,762,8.421390533,,,
12.71666667,763,8.118143082,,,
12.73333333,764,8.201755524,,,
12.75,765,8.260151863,,,
12.76666667,766,8.428715706,,,
12.78333333,767,8.619283676,,,
12.8,768,8.563506126,,,
12.81666667,769,8.57639885,,,
12.83333333,770,8.380779266,,,
12.85,771,8.457159996,,,
12.86666667,772,8.380028725,,,
12.88333333,773,8.168379784,,,
12.9,774,7.965372086,,,
12.91666667,775,8.247271538,,,
12.93333333,776,8.149954796,,,
12.95,777,8.454080582,,,
12.96666667,778,8.228432655,,,
12.98333333,779,8.369272232,,,
13,780,8.42512989,,,
13.01666667,781,8.659172058,,,
13.03333333,782,8.40657711,,,
13.05,783,8.17874527,,,
13.06666667,784,8.656019211,,,
13.08333333,785,8.170677185,,,
13.1,786,8.529626846,,,
13.11666667,787,8.673833847,,,
13.13333333,788,8.447893143,,,
13.15,789,8.237361908,,,
13.16666667,790,8.343544006,,,
13.18333333,791,8.761585236,,,
13.2,792,8.458138466,,,
13.21666667,793,8.274251938,,,
13.23333333,794,8.139950752,,,
13.25,795,8.513445854,,,
13.26666667,796,8.460775375,,,
13.28333333,797,8.3429842,,,
13.3,798,8.293417931,,,
13.31666667,799,8.376616478,,,
13.33333333,800,8.205143929,,,
13.35,801,8.323056221,,,
13.36666667,802,8.378568649,,,
13.38333333,803,8.452738762,,,
13.4,804,8.473571777,,,
13.41666667,805,8.127676964,,,
13.43333333,806,8.646477699,,,
13.45,807,8.604128838,,,
13.46666667,808,8.599901199,,,
13.48333333,809,8.369232178,,,
13.5,810,8.279301643,,,
13.51666667,811,8.345539093,,,
13.53333333,812,7.960941315,,,
13.55,813,7.896128178,,,
13.56666667,814,7.927759171,,,
13.58333333,815,7.981152535,,,
13.6,816,8.154907227,,,
13.61666667,817,7.820346355,,,
13.63333333,818,7.650566578,,,
13.65,819,7.808702469,,,
13.66666667,820,7.656706333,,,
13.68333333,821,7.747698307,,,
13.7,822,7.947912216,,,
13.71666667,823,8.015007019,,,
13.73333333,824,7.750510693,,,
13.75,825,7.859077931,,,
13.76666667,826,7.976127625,,,
13.78333333,827,7.729442596,,,
13.8,828,7.708863735,,,
13.81666667,829,7.572639465,,,
13.83333333,830,8.035719872,,,
13.85,831,7.694397926,,,
13.86666667,832,8.080668449,,,
13.88333333,833,8.108059883,,,
13.9,834,7.630214214,,,
13.91666667,835,7.857363224,,,
13.93333333,836,7.869364262,,,
13.95,837,7.943371773,,,
13.96666667,838,7.712438107,,,
13.98333333,839,7.735661984,,,
14,840,7.516705513,,,
14.01666667,841,7.379410267,,,
14.03333333,842,7.653227329,,,
14.05,843,7.449570179,,,
14.06666667,844,7.451466084,,,
14.08333333,845,7.311468601,,,
14.1,846,7.95326376,,,
14.11666667,847,7.876298904,,,
14.13333333,848,7.555057049,,,
14.15,849,7.364025593,,,
14.16666667,850,7.423717976,,,
14.18333333,851,7.614936352,,,
14.2,852,7.679440975,,,
14.21666667,853,7.446531296,,,
14.23333333,854,7.311628342,,,
14.25,855,7.867122173,,,
14.26666667,856,7.813578129,,,
14.28333333,857,7.464102268,,,
14.3,858,7.590601444,,,
14.31666667,859,7.858520985,,,
14.33333333,860,7.713450909,,,
14.35,861,7.383640289,,,
14.36666667,862,7.305984497,,,
14.38333333,863,7.113328934,,,
14.4,864,7.187561989,,,
14.41666667,865,7.062607765,,,
14.43333333,866,7.214730263,,,
14.45,867,7.080436707,,,
14.46666667,868,7.078182697,,,
14.48333333,869,7.260253429,,,
14.5,870,7.104966164,,,
14.51666667,871,6.917856693,,,
14.53333333,872,7.160277367,,,
14.55,873,6.904222965,,,
14.56666667,874,6.795526505,,,
14.58333333,875,6.777884007,,,
14.6,876,6.541567326,,,
14.61666667,877,6.929607391,,,
14.63333333,878,6.786178589,,,
14.65,879,6.878626823,,,
14.66666667,880,6.649563313,,,
14.68333333,881,6.782629967,,,
14.7,882,6.910348415,,,
14.71666667,883,7.021304607,,,
14.73333333,884,6.588274956,,,
14.75,885,6.559990883,,,
14.76666667,886,6.382212162,,,
14.78333333,887,6.653186321,,,
14.8,888,6.741215706,,,
14.81666667,889,6.752809048,,,
14.83333333,890,6.563614845,,,
14.85,891,6.282342911,,,
14.86666667,892,6.595468521,,,
14.88333333,893,6.522078991,,,
14.9,894,6.542927742,,,
14.91666667,895,6.849655151,,,
14.93333333,896,6.799824238,,,
14.95,897,6.562535763,,,
14.96666667,898,6.617239475,,,
14.98333333,899,6.71346283,,,
15,900,6.709148884,,,
15.01666667,901,6.73189497,,,
15.03333333,902,6.851433277,,,
15.05,903,6.674647331,,,
15.06666667,904,6.734501839,,,
15.08333333,905,6.534653664,,,
15.1,906,6.516087532,,,
15.11666667,907,6.489366055,,,
15.13333333,908,6.570876598,,,
15.15,909,6.646050453,,,
15.16666667,910,6.541768074,,,
15.18333333,911,6.542711735,,,
15.2,912,6.532265186,,,
15.21666667,913,6.597105026,,,
15.23333333,914,6.567220211,,,
15.25,915,6.471120834,,,
15.26666667,916,6.496051788,,,
15.28333333,917,6.641348362,,,
15.3,918,6.342830658,,,
15.31666667,919,6.566883564,,,
15.33333333,920,6.23731184,,,
15.35,921,6.104447842,,,
15.36666667,922,6.67218256,,,
15.38333333,923,6.23640585,,,
15.4,924,6.562336445,,,
15.41666667,925,6.434472084,,,
15.43333333,926,6.65333271,,,
15.45,927,6.403758049,,,
15.46666667,928,6.208571911,,,
15.48333333,929,6.452275753,,,
15.5,930,6.687764645,,,
15.51666667,931,6.634465694,,,
15.53333333,932,6.394846439,,,
15.55,933,6.486768723,,,
15.56666667,934,6.638915062,,,
15.58333333,935,6.554490566,,,
15.6,936,6.514388084,,,
15.61666667,937,6.918931484,,,
15.63333333,938,6.709311009,,,
15.65,939,6.465137959,,,
15.66666667,940,6.45758009,,,
15.68333333,941,6.3367939,,,
15.7,942,6.284808636,,,
15.71666667,943,6.410204887,,,
15.73333333,944,6.426132202,,,
15.75,945,6.47560215,,,
15.76666667,946,6.663290978,,,
15.78333333,947,6.34317255,,,
15.8,948,6.487279892,,,
15.81666667,949,6.345837593,,,
15.83333333,950,6.334565163,,,
15.85,951,6.288873196,,,
15.86666667,952,6.096256256,,,
15.88333333,953,6.090740681,,,
15.9,954,6.309409618,,,
15.91666667,955,6.420170307,,,
15.93333333,956,6.133775234,,,
15.95,957,6.307630539,,,
15.96666667,958,6.125415325,,,
15.98333333,959,6.208720207,,,
16,960,6.067784786,,,
16.01666667,961,6.104398727,,,
16.03333333,962,6.32891798,,,
16.05,963,6.097721577,,,
16.06666667,964,6.292742729,,,
16.08333333,965,6.26469183,,,
16.1,966,6.153753281,,,
16.11666667,967,6.323746204,,,
16.13333333,968,6.15557909,,,
16.15,969,5.969686031,,,
16.16666667,970,6.093905449,,,
16.18333333,971,6.298363686,,,
16.2,972,6.061989307,,,
16.21666667,973,6.134407997,,,
16.23333333,974,5.971200943,,,
16.25,975,6.075520039,,,
16.26666667,976,5.766928673,,,
16.28333333,977,6.272490025,,,
16.3,978,5.848260403,,,
16.31666667,979,6.228886604,,,
16.33333333,980,6.17633152,,,
16.35,981,6.639219284,,,
16.36666667,982,6.273087025,,,
16.38333333,983,5.960455418,,,
16.4,984,6.128198624,,,
16.41666667,985,6.301383019,,,
16.43333333,986,5.917150497,,,
16.45,987,5.880896568,,,
16.46666667,988,6.2175107,,,
16.48333333,989,6.232109547,,,
16.5,990,6.110849381,,,
16.51666667,991,6.069340706,,,
16.53333333,992,5.971900463,,,
16.55,993,6.061012745,,,
16.56666667,994,5.999035358,,,
16.58333333,995,5.941745758,,,
16.6,996,5.749120235,,,
16.61666667,997,5.819468975,,,
16.63333333,998,5.808681488,,,
16.65,999,5.724641323,,,
16.66666667,1000,5.742679596,,,
16.68333333,1001,5.675541401,,,
16.7,1002,5.935695171,,,
16.71666667,1003,5.776191235,,,
16.73333333,1004,5.666396618,,,
16.75,1005,5.691606045,,,
16.76666667,1006,5.839551926,,,
16.78333333,1007,5.872944832,,,
16.8,1008,5.766660214,,,
16.81666667,1009,5.675140381,,,
16.83333333,1010,5.815601349,,,
16.85,1011,5.801185608,,,
16.86666667,1012,5.893080235,,,
16.88333333,1013,5.78979826,,,
16.9,1014,5.614545822,,,
16.91666667,1015,5.855933189,,,
16.93333333,1016,5.886515141,,,
16.95,1017,5.748985291,,,
16.96666667,1018,5.745815277,,,
16.98333333,1019,5.942704678,,,
17,1020,5.748477459,,,
17.01666667,1021,5.822740078,,,
17.03333333,1022,5.963318348,,,
17.05,1023,5.863730907,,,
17.06666667,1024,5.87452507,,,
17.08333333,1025,6.226035595,,,
17.1,1026,6.084114552,,,
17.11666667,1027,5.945278645,,,
17.13333333,1028,5.850603104,,,
17.15,1029,6.351614475,,,
17.16666667,1030,5.99477911,,,
17.18333333,1031,5.798804283,,,
17.2,1032,5.836943626,,,
17.21666667,1033,5.865576744,,,
17.23333333,1034,5.853013992,,,
17.25,1035,5.796270847,,,
17.26666667,1036,5.703886509,,,
17.28333333,1037,5.681702137,,,
17.3,1038,6.191443443,,,
17.31666667,1039,6.203089714,,,
17.33333333,1040,5.845578194,,,
17.35,1041,5.571815014,,,
17.36666667,1042,5.669442177,,,
17.38333333,1043,5.889284134,,,
17.4,1044,5.851435661,,,
17.41666667,1045,5.975338936,,,
17.43333333,1046,6.191006661,,,
17.45,1047,6.017581463,,,
17.46666667,1048,6.064350128,,,
17.48333333,1049,5.99920845,,,
17.5,1050,6.021710396,,,
17.51666667,1051,6.397562981,,,
17.53333333,1052,6.328184128,,,
17.55,1053,6.187722683,,,
17.56666667,1054,6.011269093,,,
17.58333333,1055,6.233998776,,,
17.6,1056,6.046896935,,,
17.61666667,1057,5.886100292,,,
17.63333333,1058,5.885663033,,,
17.65,1059,5.779088974,,,
17.66666667,1060,5.878792763,,,
17.68333333,1061,5.862351418,,,
17.7,1062,5.857267857,,,
17.71666667,1063,6.106720448,,,
17.73333333,1064,6.252365589,,,
17.75,1065,5.933486939,,,
17.76666667,1066,5.9396801,,,
17.78333333,1067,6.188664436,,,
17.8,1068,5.857530117,,,
17.81666667,1069,6.279545307,,,
17.83333333,1070,5.95748663,,,
17.85,1071,5.857797623,,,
17.86666667,1072,5.859222889,,,
17.88333333,1073,6.347652435,,,
17.9,1074,6.455835342,,,
17.91666667,1075,6.265859604,,,
17.93333333,1076,5.818607807,,,
17.95,1077,6.319377899,,,
17.96666667,1078,6.189930916,,,
17.98333333,1079,5.874644756,,,
18,1080,5.875876904,,,
18.01666667,1081,5.899936199,,,
18.03333333,1082,5.860082626,,,
18.05,1083,5.927093029,,,
18.06666667,1084,5.907861233,,,
18.08333333,1085,5.832819939,,,
18.1,1086,5.694823742,,,
18.11666667,1087,5.93269062,,,
18.13333333,1088,5.847890854,,,
18.15,1089,5.683595181,,,
18.16666667,1090,5.662594795,,,
18.18333333,1091,5.708377361,,,
18.2,1092,5.921226502,,,
18.21666667,1093,5.762093544,,,
18.23333333,1094,5.708789825,,,
18.25,1095,6.144369125,,,
18.26666667,1096,5.990379334,,,
18.28333333,1097,5.901374817,,,
18.3,1098,5.979428291,,,
18.31666667,1099,5.782568455,,,
18.33333333,1100,5.994884491,,,
18.35,1101,6.207819939,,,
18.36666667,1102,5.990250111,,,
18.38333333,1103,5.788137436,,,
18.4,1104,5.806698799,,,
18.41666667,1105,5.818645477,,,
18.43333333,1106,5.818825722,,,
18.45,1107,5.869282246,,,
18.46666667,1108,5.821290016,,,
18.48333333,1109,5.701790333,,,
18.5,1110,6.142054558,,,
18.51666667,1111,5.86864996,,,
18.53333333,1112,5.702383995,,,
18.55,1113,5.659760475,,,
18.56666667,1114,5.758178711,,,
18.58333333,1115,5.893209934,,,
18.6,1116,5.655802727,,,
18.61666667,1117,5.971745491,,,
18.63333333,1118,5.859529018,,,
18.65,1119,5.87373066,,,
18.66666667,1120,5.754689694,,,
18.68333333,1121,5.641195297,,,
18.7,1122,5.998267174,,,
18.71666667,1123,5.773216724,,,
18.73333333,1124,5.900089264,,,
18.75,1125,5.924282551,,,
18.76666667,1126,5.775267124,,,
18.78333333,1127,5.749782085,,,
18.8,1128,6.229697704,,,
18.81666667,1129,6.052081108,,,
18.83333333,1130,6.139886379,,,
18.85,1131,6.139192104,,,
18.86666667,1132,5.92064476,,,
18.88333333,1133,5.972190857,,,
18.9,1134,5.787488937,,,
18.91666667,1135,6.023886204,,,
18.93333333,1136,6.138465405,,,
18.95,1137,6.085625649,,,
18.96666667,1138,5.808456898,,,
18.98333333,1139,5.663057327,,,
19,1140,5.916545868,,,
19.01666667,1141,5.863161564,,,
19.03333333,1142,6.036077976,,,
19.05,1143,5.615363598,,,
19.06666667,1144,5.802152634,,,
19.08333333,1145,5.846661091,,,
19.1,1146,5.763725281,,,
19.11666667,1147,5.748953342,,,
19.13333333,1148,5.936461449,,,
19.15,1149,6.054802895,,,
19.16666667,1150,6.070577145,,,
19.18333333,1151,5.860509396,,,
19.2,1152,5.700399876,,,
19.21666667,1153,5.753849506,,,
19.23333333,1154,5.981057644,,,
19.25,1155,6.232233048,,,
19.26666667,1156,5.71753788,,,
19.28333333,1157,5.855031014,,,
19.3,1158,5.771680832,,,
19.31666667,1159,5.52381897,,,
19.33333333,1160,5.58460474,,,
19.35,1161,5.642734051,,,
19.36666667,1162,5.843425274,,,
19.38333333,1163,5.793045044,,,
19.4,1164,5.823261261,,,
19.41666667,1165,5.424932003,,,
19.43333333,1166,5.572306156,,,
19.45,1167,5.617252827,,,
19.46666667,1168,5.604239464,,,
19.48333333,1169,5.578212261,,,
19.5,1170,5.520698547,,,
19.51666667,1171,5.489486218,,,
19.53333333,1172,5.802358627,,,
19.55,1173,5.69085598,,,
19.56666667,1174,5.514902592,,,
19.58333333,1175,5.668883801,,,
19.6,1176,5.638231278,,,
19.61666667,1177,5.5607481,,,
19.63333333,1178,5.40934372,,,
19.65,1179,5.618750095,,,
19.66666667,1180,5.562523365,,,
19.68333333,1181,5.473110676,,,
19.7,1182,5.389292717,,,
19.71666667,1183,5.5852952,,,
19.73333333,1184,5.503227711,,,
19.75,1185,5.638191223,,,
19.76666667,1186,5.616680145,,,
19.78333333,1187,5.417348385,,,
19.8,1188,5.441433907,,,
19.81666667,1189,5.478649139,,,
19.83333333,1190,5.63589716,,,
19.85,1191,5.70311594,,,
19.86666667,1192,5.596869469,,,
19.88333333,1193,5.592726231,,,
19.9,1194,5.775908947,,,
19.91666667,1195,5.648610115,,,
19.93333333,1196,5.921764374,,,
19.95,1197,5.602089882,,,
19.96666667,1198,5.778074741,,,
19.98333333,1199,5.825937271,,,
20,1200,5.826593399,,,
20.01666667,1201,5.859410286,,,
20.03333333,1202,6.073162556,,,
20.05,1203,5.968362331,,,
20.06666667,1204,6.010171413,,,
20.08333333,1205,5.953560829,,,
20.1,1206,5.970179558,,,
20.11666667,1207,5.974789619,,,
20.13333333,1208,5.884892941,,,
20.15,1209,5.916668892,,,
20.16666667,1210,5.886136055,,,
20.18333333,1211,6.205060482,,,
20.2,1212,6.246184826,,,
20.21666667,1213,6.087639809,,,
20.23333333,1214,5.903089523,,,
20.25,1215,6.423504353,,,
20.26666667,1216,6.407197475,,,
20.28333333,1217,6.292532444,,,
20.3,1218,6.124827862,,,
20.31666667,1219,5.920009613,,,
20.33333333,1220,6.26840353,,,
20.35,1221,5.878205299,,,
20.36666667,1222,5.869179726,,,
20.38333333,1223,5.63808012,,,
