0,0,0,7.757498264
0.016666667,1,0.001112471,7.758232594
0.033333333,2,0.002224942,7.760183811
0.05,3,0.003337412,7.760586739
0.066666667,4,0.004449883,7.761330128
0.083333333,5,0.005562354,7.761380673
0.1,6,0.006674825,7.771482945
0.116666667,7,0.007787296,7.776988983
0.133333333,8,0.008899766,7.761096954
0.15,9,0.010012237,7.760725021
0.166666667,10,0.011124708,7.760280132
0.183333333,11,0.012237179,7.759427548
0.2,12,0.01334965,7.757773876
0.216666667,13,0.01446212,7.756915093
0.233333333,14,0.015574591,7.756214142
0.25,15,0.016687062,7.755095482
0.266666667,16,0.017799533,7.75356102
0.283333333,17,0.018912004,7.75163269
0.3,18,0.020024474,7.749042034
0.316666667,19,0.021136945,7.746704578
0.333333333,20,0.022249416,7.744781971
0.35,21,0.023361887,7.741990566
0.366666667,22,0.024474358,7.740551472
0.383333333,23,0.025586828,7.73679018
0.4,24,0.026699299,7.733664036
0.416666667,25,0.02781177,7.73114109
0.433333333,26,0.028924241,7.728497028
0.45,27,0.030036712,7.726917744
0.466666667,28,0.031149182,7.722500324
0.483333333,29,0.032261653,7.718967438
0.5,30,0.033374124,7.715268135
0.516666667,31,0.034486595,7.711377144
0.533333333,32,0.035599066,7.708187103
0.55,33,0.036711536,7.705565929
0.566666667,34,0.037824007,7.701159477
0.583333333,35,0.038936478,7.697426796
0.6,36,0.040048949,7.693954468
0.616666667,37,0.04116142,7.690349579
0.633333333,38,0.04227389,7.687630177
0.65,39,0.043386361,7.684634209
0.666666667,40,0.044498832,7.679227829
0.683333333,41,0.045611303,7.675246239
0.7,42,0.046723774,7.671057701
0.716666667,43,0.047836244,7.666176796
0.733333333,44,0.048948715,7.662603378
0.75,45,0.050061186,7.660201073
0.766666667,46,0.051173657,7.656050682
0.783333333,47,0.052286127,7.652691364
0.8,48,0.053398598,7.648333073
0.816666667,49,0.054511069,7.643911362
0.833333333,50,0.05562354,7.640620709
0.85,51,0.056736011,7.636660099
0.866666667,52,0.057848481,7.633887291
0.883333333,53,0.058960952,7.627504826
0.9,54,0.060073423,7.625090122
0.916666667,55,0.061185894,7.620384693
0.933333333,56,0.062298365,7.616831303
0.95,57,0.063410835,7.612001419
0.966666667,58,0.064523306,7.608773708
0.983333333,59,0.065635777,7.605513096
1,60,0.066748248,7.602136612
1.016666667,61,0.067860719,7.598968029
1.033333333,62,0.068973189,7.594909668
1.05,63,0.07008566,7.590121746
1.066666667,64,0.071198131,7.587714195
1.083333333,65,0.072310602,7.582327843
1.1,66,0.073423073,7.579489708
1.116666667,67,0.074535543,7.576693535
1.133333333,68,0.075648014,7.572258472
1.15,69,0.076760485,7.569283485
1.166666667,70,0.077872956,7.56613493
1.183333333,71,0.078985427,7.56275177
1.2,72,0.080097897,7.560790062
1.216666667,73,0.081210368,7.55641079
1.233333333,74,0.082322839,7.552475929
1.25,75,0.08343531,7.549406052
1.266666667,76,0.084547781,7.545784473
1.283333333,77,0.085660251,7.543320656
1.3,78,0.086772722,7.540201664
1.316666667,79,0.087885193,7.536005974
1.333333333,80,0.088997664,7.532422543
1.35,81,0.090110135,7.531674862
1.366666667,82,0.091222605,7.527391911
1.383333333,83,0.092335076,7.524040699
1.4,84,0.093447547,7.521978378
1.416666667,85,0.094560018,7.517122269
1.433333333,86,0.095672489,7.513995647
1.45,87,0.096784959,7.51055336
1.466666667,88,0.09789743,7.508165836
1.483333333,89,0.099009901,7.504292965
1.5,90,0.100122372,7.500396729
1.516666667,91,0.101234843,7.497537136
1.533333333,92,0.102347313,7.495281696
1.55,93,0.103459784,7.492304802
1.566666667,94,0.104572255,7.48919487
1.583333333,95,0.105684726,7.48414135
1.6,96,0.106797197,7.480710506
1.616666667,97,0.107909667,7.476396084
1.633333333,98,0.109022138,7.474808693
1.65,99,0.110134609,7.471514702
1.666666667,100,0.11124708,7.468927383
1.683333333,101,0.112359551,7.466544628
1.7,102,0.113472021,7.462831497
1.716666667,103,0.114584492,7.460609913
1.733333333,104,0.115696963,7.456993103
1.75,105,0.116809434,7.453831196
1.766666667,106,0.117921905,7.449848175
1.783333333,107,0.119034375,7.444092274
1.8,108,0.120146846,7.438969135
1.816666667,109,0.121259317,7.437716007
1.833333333,110,0.122371788,7.436338902
1.85,111,0.123484259,7.432303906
1.866666667,112,0.124596729,7.428661823
1.883333333,113,0.1257092,7.427105427
1.9,114,0.126821671,7.41988945
1.916666667,115,0.127934142,7.415979862
1.933333333,116,0.129046613,7.415227413
1.95,117,0.130159083,7.413495541
1.966666667,118,0.131271554,7.413212776
1.983333333,119,0.132384025,7.410267353
2,120,0.133496496,7.406410217
2.016666667,121,0.134608967,7.397519589
2.033333333,122,0.135721437,7.38986063
2.05,123,0.136833908,7.38472271
2.066666667,124,0.137946379,7.3833704
2.083333333,125,0.13905885,7.383905411
2.1,126,0.140171321,7.375927448
2.116666667,127,0.141283791,7.374311924
2.133333333,128,0.142396262,7.371294975
2.15,129,0.143508733,7.366206169
2.166666667,130,0.144621204,7.360135555
2.183333333,131,0.145733674,7.356180191
2.2,132,0.146846145,7.353992939
2.216666667,133,0.147958616,7.351410866
2.233333333,134,0.149071087,7.347144127
2.25,135,0.150183558,7.342539787
2.266666667,136,0.151296028,7.340331078
2.283333333,137,0.152408499,7.336846352
2.3,138,0.15352097,7.336024761
2.316666667,139,0.154633441,7.331983089
2.333333333,140,0.155745912,7.329797268
2.35,141,0.156858382,7.325460911
2.366666667,142,0.157970853,7.325040817
2.383333333,143,0.159083324,7.324684143
2.4,144,0.160195795,7.32223177
2.416666667,145,0.161308266,7.319769383
2.433333333,146,0.162420736,7.315905571
2.45,147,0.163533207,7.312863827
2.466666667,148,0.164645678,7.306074619
2.483333333,149,0.165758149,7.302425385
2.5,150,0.16687062,7.301897049
2.516666667,151,0.16798309,7.298694611
2.533333333,152,0.169095561,7.299432755
2.55,153,0.170208032,7.294310093
2.566666667,154,0.171320503,7.291599751
2.583333333,155,0.172432974,7.290411949
2.6,156,0.173545444,7.286081791
2.616666667,157,0.174657915,7.283828735
2.633333333,158,0.175770386,7.283697128
2.65,159,0.176882857,7.278699875
2.666666667,160,0.177995328,7.276674748
2.683333333,161,0.179107798,7.272250652
2.7,162,0.180220269,7.269334793
2.716666667,163,0.18133274,7.269167423
2.733333333,164,0.182445211,7.268587589
2.75,165,0.183557682,7.266116142
2.766666667,166,0.184670152,7.262018204
2.783333333,167,0.185782623,7.258404732
2.8,168,0.186895094,7.256641865
2.816666667,169,0.188007565,7.252808094
2.833333333,170,0.189120036,7.251805306
2.85,171,0.190232506,7.253482342
2.866666667,172,0.191344977,7.25172329
2.883333333,173,0.192457448,7.24604702
2.9,174,0.193569919,7.243562222
2.916666667,175,0.19468239,7.241937637
2.933333333,176,0.19579486,7.23875618
2.95,177,0.196907331,7.23750639
2.966666667,178,0.198019802,7.23322773
2.983333333,179,0.199132273,7.232369423
3,180,0.200244744,7.231125832
3.016666667,181,0.201357214,7.232516766
3.033333333,182,0.202469685,7.226695061
3.05,183,0.203582156,7.225003719
3.066666667,184,0.204694627,7.223951817
3.083333333,185,0.205807098,7.224206448
3.1,186,0.206919568,7.222881794
3.116666667,187,0.208032039,7.222288132
3.133333333,188,0.20914451,7.219134331
3.15,189,0.210256981,7.216650009
3.166666667,190,0.211369452,7.208122253
3.183333333,191,0.212481922,7.205896378
3.2,192,0.213594393,7.205593109
3.216666667,193,0.214706864,7.204443455
3.233333333,194,0.215819335,7.202086926
3.25,195,0.216931806,7.202260494
3.266666667,196,0.218044276,7.20065403
3.283333333,197,0.219156747,7.197281838
3.3,198,0.220269218,7.196769714
3.316666667,199,0.221381689,7.193347931
3.333333333,200,0.22249416,7.192028046
3.35,201,0.22360663,7.190360069
3.366666667,202,0.224719101,7.188226223
3.383333333,203,0.225831572,7.18683672
3.4,204,0.226944043,7.186110973
3.416666667,205,0.228056514,7.182531357
3.433333333,206,0.229168984,7.180772781
3.45,207,0.230281455,7.179848194
3.466666667,208,0.231393926,7.177785397
3.483333333,209,0.232506397,7.177244186
3.5,210,0.233618868,7.17474556
3.516666667,211,0.234731338,7.171872616
3.533333333,212,0.235843809,7.168049336
3.55,213,0.23695628,7.163991928
3.566666667,214,0.238068751,7.163031101
3.583333333,215,0.239181221,7.161083698
3.6,216,0.240293692,7.159462929
3.616666667,217,0.241406163,7.15617466
3.633333333,218,0.242518634,7.153344154
3.65,219,0.243631105,7.151834965
3.666666667,220,0.244743575,7.150337219
3.683333333,221,0.245856046,7.150241375
3.7,222,0.246968517,7.148674488
3.716666667,223,0.248080988,7.145606041
3.733333333,224,0.249193459,7.145719528
3.75,225,0.250305929,7.14162302
3.766666667,226,0.2514184,7.137057781
3.783333333,227,0.252530871,7.133044243
3.8,228,0.253643342,7.130873203
3.816666667,229,0.254755813,7.128893852
3.833333333,230,0.255868283,7.124661923
3.85,231,0.256980754,7.12254858
3.866666667,232,0.258093225,7.122176647
3.883333333,233,0.259205696,7.121490479
3.9,234,0.260318167,7.120848179
3.916666667,235,0.261430637,7.117949009
3.933333333,236,0.262543108,7.116028786
3.95,237,0.263655579,7.113656044
3.966666667,238,0.26476805,7.109955311
3.983333333,239,0.265880521,7.111537933
4,240,0.266992991,7.113949776
4.016666667,241,0.268105462,7.109454155
4.033333333,242,0.269217933,7.10695219
4.05,243,0.270330404,7.102347851
4.066666667,244,0.271442875,7.095926285
4.083333333,245,0.272555345,7.094518185
4.1,246,0.273667816,7.096049786
4.116666667,247,0.274780287,7.095498562
4.133333333,248,0.275892758,7.093487263
4.15,249,0.277005229,7.091169834
4.166666667,250,0.278117699,7.089265823
4.183333333,251,0.27923017,7.086806297
4.2,252,0.280342641,7.083261013
4.216666667,253,0.281455112,7.079124928
4.233333333,254,0.282567583,7.076532841
4.25,255,0.283680053,7.074326992
4.266666667,256,0.284792524,7.074672699
4.283333333,257,0.285904995,7.073050976
4.3,258,0.287017466,7.072931767
4.316666667,259,0.288129937,7.071473122
4.333333333,260,0.289242407,7.06461525
4.35,261,0.290354878,7.06043911
4.366666667,262,0.291467349,7.057319164
4.383333333,263,0.29257982,7.207942486
4.4,264,0.293692291,7.052336216
4.416666667,265,0.294804761,7.050790787
4.433333333,266,0.295917232,7.047765732
4.45,267,0.297029703,7.042647362
4.466666667,268,0.298142174,7.040295601
4.483333333,269,0.299254645,7.041449547
4.5,270,0.300367115,7.041316509
4.516666667,271,0.301479586,7.040734768
4.533333333,272,0.302592057,7.039103508
4.55,273,0.303704528,7.035573959
4.566666667,274,0.304816999,7.03426981
4.583333333,275,0.305929469,7.032124996
4.6,276,0.30704194,7.03031826
4.616666667,277,0.308154411,7.029239178
4.633333333,278,0.309266882,7.025758266
4.65,279,0.310379353,7.024128437
4.666666667,280,0.311491823,7.023628712
4.683333333,281,0.312604294,7.024612904
4.7,282,0.313716765,7.022344112
4.716666667,283,0.314829236,7.023181915
4.733333333,284,0.315941707,7.021204472
4.75,285,0.317054177,7.018753529
4.766666667,286,0.318166648,7.015287876
4.783333333,287,0.319279119,7.0107131
4.8,288,0.32039159,7.005097866
4.816666667,289,0.321504061,7.001185894
4.833333333,290,0.322616531,6.998931408
4.85,291,0.323729002,6.999109268
4.866666667,292,0.324841473,6.997166634
4.883333333,293,0.325953944,6.996497154
4.9,294,0.327066415,6.992779732
4.916666667,295,0.328178885,6.990464687
4.933333333,296,0.329291356,6.989954472
4.95,297,0.330403827,6.989429951
4.966666667,298,0.331516298,6.987787247
4.983333333,299,0.332628768,6.988870144
5,300,0.333741239,6.986243725
5.016666667,301,0.33485371,6.982650757
5.033333333,302,0.335966181,6.982399464
5.05,303,0.337078652,6.980381489
5.066666667,304,0.338191122,6.978049755
5.083333333,305,0.339303593,6.97496748
5.1,306,0.340416064,6.972958088
5.116666667,307,0.341528535,6.967921257
5.133333333,308,0.342641006,6.964560032
5.15,309,0.343753476,6.962906361
5.166666667,310,0.344865947,6.962094784
5.183333333,311,0.345978418,6.961573601
5.2,312,0.347090889,6.960486889
5.216666667,313,0.34820336,6.95822382
5.233333333,314,0.34931583,6.959071159
5.25,315,0.350428301,6.957505703
5.266666667,316,0.351540772,6.951230049
5.283333333,317,0.352653243,6.948572636
5.3,318,0.353765714,6.947222233
5.316666667,319,0.354878184,6.944166184
5.333333333,320,0.355990655,6.942732811
5.35,321,0.357103126,6.943422794
5.366666667,322,0.358215597,6.944727898
5.383333333,323,0.359328068,6.943087578
5.4,324,0.360440538,6.943426132
5.416666667,325,0.361553009,6.942787647
5.433333333,326,0.36266548,6.942505837
5.45,327,0.363777951,6.940897942
5.466666667,328,0.364890422,6.937820435
5.483333333,329,0.366002892,6.932103157
5.5,330,0.367115363,6.927465916
5.516666667,331,0.368227834,6.927945137
5.533333333,332,0.369340305,6.929430485
5.55,333,0.370452776,6.928403378
5.566666667,334,0.371565246,6.9257617
5.583333333,335,0.372677717,6.923944473
5.6,336,0.373790188,6.920889378
5.616666667,337,0.374902659,6.915058136
5.633333333,338,0.37601513,6.916322708
5.65,339,0.3771276,6.915914536
5.666666667,340,0.378240071,6.915467739
5.683333333,341,0.379352542,6.913751602
5.7,342,0.380465013,6.911422253
5.716666667,343,0.381577484,6.908053875
5.733333333,344,0.382689954,6.907827854
5.75,345,0.383802425,6.905980587
5.766666667,346,0.384914896,6.904080391
5.783333333,347,0.386027367,6.903581142
5.8,348,0.387139838,6.903376579
5.816666667,349,0.388252308,6.900661469
5.833333333,350,0.389364779,6.898665428
5.85,351,0.39047725,6.897001267
5.866666667,352,0.391589721,6.894785881
5.883333333,353,0.392702192,6.894177437
5.9,354,0.393814662,6.8918643
5.916666667,355,0.394927133,6.890532494
5.933333333,356,0.396039604,6.890035152
5.95,357,0.397152075,6.887945652
5.966666667,358,0.398264546,6.886984348
5.983333333,359,0.399377016,6.885504246
6,360,0.400489487,6.883309841
6.016666667,361,0.401601958,6.881791592
6.033333333,362,0.402714429,6.882377148
6.05,363,0.4038269,6.880216122
6.066666667,364,0.40493937,6.878765583
6.083333333,365,0.406051841,6.879134655
6.1,366,0.407164312,6.878742695
6.116666667,367,0.408276783,6.875229359
6.133333333,368,0.409389254,6.872377396
6.15,369,0.410501724,6.870836258
6.166666667,370,0.411614195,6.868179321
6.183333333,371,0.412726666,6.867052078
6.2,372,0.413839137,6.865192413
6.216666667,373,0.414951608,6.863737106
6.233333333,374,0.416064078,6.863741875
6.25,375,0.417176549,6.861373425
6.266666667,376,0.41828902,6.859773636
6.283333333,377,0.419401491,6.858778954
6.3,378,0.420513962,6.857588768
6.316666667,379,0.421626432,6.855866432
6.333333333,380,0.422738903,6.853796482
6.35,381,0.423851374,6.850325108
6.366666667,382,0.424963845,6.846862316
6.383333333,383,0.426076315,6.844853878
6.4,384,0.427188786,6.837249756
6.416666667,385,0.428301257,6.839662075
6.433333333,386,0.429413728,6.83955431
6.45,387,0.430526199,6.840267658
6.466666667,388,0.431638669,6.839442253
6.483333333,389,0.43275114,6.838358879
6.5,390,0.433863611,6.835119724
6.516666667,391,0.434976082,6.831057072
6.533333333,392,0.436088553,6.831027508
6.55,393,0.437201023,6.830052853
6.566666667,394,0.438313494,6.827722549
6.583333333,395,0.439425965,6.830470085
6.6,396,0.440538436,6.807696819
6.616666667,397,0.441650907,6.821849823
6.633333333,398,0.442763377,6.819273472
6.65,399,0.443875848,6.819215775
6.666666667,400,0.444988319,6.817092419
6.683333333,401,0.44610079,6.813974381
6.7,402,0.447213261,6.812344551
6.716666667,403,0.448325731,6.811736584
6.733333333,404,0.449438202,6.810484886
6.75,405,0.450550673,6.806911469
6.766666667,406,0.451663144,6.806973934
6.783333333,407,0.452775615,6.805194378
6.8,408,0.453888085,6.803209305
6.816666667,409,0.455000556,6.80180788
6.833333333,410,0.456113027,6.800187588
6.85,411,0.457225498,6.795533657
6.866666667,412,0.458337969,6.794953823
6.883333333,413,0.459450439,6.793592453
6.9,414,0.46056291,6.791438103
6.916666667,415,0.461675381,6.79131031
6.933333333,416,0.462787852,6.787305355
6.95,417,0.463900323,6.783196449
6.966666667,418,0.465012793,6.783565044
6.983333333,419,0.466125264,6.602869511
7,420,0.467237735,6.589517117
7.016666667,421,0.468350206,6.646842957
7.033333333,422,0.469462677,6.672370911
7.05,423,0.470575147,6.68739748
7.066666667,424,0.471687618,6.696234226
7.083333333,425,0.472800089,6.700446129
7.1,426,0.47391256,6.707746029
7.116666667,427,0.475025031,6.712671757
7.133333333,428,0.476137501,6.714179993
7.15,429,0.477249972,6.714458942
7.166666667,430,0.478362443,6.718736649
7.183333333,431,0.479474914,6.722481251
7.2,432,0.480587385,6.727053642
7.216666667,433,0.481699855,6.727221966
7.233333333,434,0.482812326,6.72523737
7.25,435,0.483924797,6.725765705
7.266666667,436,0.485037268,6.722708225
7.283333333,437,0.486149739,6.7215662
7.3,438,0.487262209,6.723520279
7.316666667,439,0.48837468,6.726160526
7.333333333,440,0.489487151,6.725809574
7.35,441,0.490599622,6.724487305
7.366666667,442,0.491712093,6.721892834
7.383333333,443,0.492824563,6.720935822
7.4,444,0.493937034,6.719539166
7.416666667,445,0.495049505,6.717357636
7.433333333,446,0.496161976,6.717708588
7.45,447,0.497274447,6.717868328
7.466666667,448,0.498386917,6.718781948
7.483333333,449,0.499499388,6.716596127
7.5,450,0.500611859,6.715863228
7.516666667,451,0.50172433,6.713440895
7.533333333,452,0.502836801,6.712098122
7.55,453,0.503949271,6.711163521
7.566666667,454,0.505061742,6.710100651
7.583333333,455,0.506174213,6.71026516
7.6,456,0.507286684,6.708800793
7.616666667,457,0.508399155,6.707251549
7.633333333,458,0.509511625,6.706488133
7.65,459,0.510624096,6.707400322
7.666666667,460,0.511736567,6.704838276
7.683333333,461,0.512849038,6.70374918
7.7,462,0.513961509,6.703120709
7.716666667,463,0.515073979,6.70179081
7.733333333,464,0.51618645,6.69964838
7.75,465,0.517298921,6.697845936
7.766666667,466,0.518411392,6.696418762
7.783333333,467,0.519523862,6.694506645
7.8,468,0.520636333,6.694199562
7.816666667,469,0.521748804,6.692135334
7.833333333,470,0.522861275,6.689886093
7.85,471,0.523973746,6.688898563
7.866666667,472,0.525086216,6.687207222
7.883333333,473,0.526198687,6.68535471
7.9,474,0.527311158,6.683357239
7.916666667,475,0.528423629,6.681301117
7.933333333,476,0.5295361,6.67858839
7.95,477,0.53064857,6.676021099
7.966666667,478,0.531761041,6.674837112
7.983333333,479,0.532873512,6.672727108
8,480,0.533985983,6.670331955
8.016666667,481,0.535098454,6.66960144
8.033333333,482,0.536210924,6.670051098
8.05,483,0.537323395,6.669068813
8.066666667,484,0.538435866,6.667677403
8.083333333,485,0.539548337,6.668092728
8.1,486,0.540660808,6.665062904
8.116666667,487,0.541773278,6.662255287
8.133333333,488,0.542885749,6.66138649
8.15,489,0.54399822,6.658298016
8.166666667,490,0.545110691,6.654846191
8.183333333,491,0.546223162,6.65254879
8.2,492,0.547335632,6.652061939
8.216666667,493,0.548448103,6.652124882
8.233333333,494,0.549560574,6.652455807
8.25,495,0.550673045,6.650626183
8.266666667,496,0.551785516,6.646185398
8.283333333,497,0.552897986,6.641949654
8.3,498,0.554010457,6.642475128
8.316666667,499,0.555122928,6.639800549
8.333333333,500,0.556235399,6.640210152
8.35,501,0.55734787,6.637084484
8.366666667,502,0.55846034,6.634438038
8.383333333,503,0.559572811,6.632108688
8.4,504,0.560685282,6.632261276
8.416666667,505,0.561797753,6.629600048
8.433333333,506,0.562910224,6.625163555
8.45,507,0.564022694,6.619264603
8.466666667,508,0.565135165,6.616649151
8.483333333,509,0.566247636,6.617171764
8.5,510,0.567360107,6.618769646
8.516666667,511,0.568472578,6.620390892
8.533333333,512,0.569585048,6.618235111
8.55,513,0.570697519,6.615171433
8.566666667,514,0.57180999,6.61527586
8.583333333,515,0.572922461,6.613310814
8.6,516,0.574034932,6.610558033
8.616666667,517,0.575147402,6.608779907
8.633333333,518,0.576259873,6.605854034
8.65,519,0.577372344,6.605617046
8.666666667,520,0.578484815,6.607511044
8.683333333,521,0.579597286,6.604419708
8.7,522,0.580709756,6.598582268
8.716666667,523,0.581822227,6.598266602
8.733333333,524,0.582934698,6.594058037
8.75,525,0.584047169,6.590687275
8.766666667,526,0.58515964,6.58731842
8.783333333,527,0.58627211,6.585623741
8.8,528,0.587384581,6.582327843
8.816666667,529,0.588497052,6.581906319
8.833333333,530,0.589609523,6.580039978
8.85,531,0.590721994,6.578166485
8.866666667,532,0.591834464,6.576320648
8.883333333,533,0.592946935,6.574006558
8.9,534,0.594059406,6.572172165
8.916666667,535,0.595171877,6.571594238
8.933333333,536,0.596284348,6.570492268
8.95,537,0.597396818,6.568821907
8.966666667,538,0.598509289,6.567724228
8.983333333,539,0.59962176,6.565125942
9,540,0.600734231,6.561221123
9.016666667,541,0.601846702,6.560061455
9.033333333,542,0.602959172,6.557890892
9.05,543,0.604071643,6.558022499
9.066666667,544,0.605184114,6.55811739
9.083333333,545,0.606296585,6.556342602
9.1,546,0.607409056,6.554344177
9.116666667,547,0.608521526,6.552229881
9.133333333,548,0.609633997,6.551083565
9.15,549,0.610746468,6.54510355
9.166666667,550,0.611858939,6.542254448
9.183333333,551,0.61297141,6.539248943
9.2,552,0.61408388,6.539526463
9.216666667,553,0.615196351,6.537233353
9.233333333,554,0.616308822,6.534913063
9.25,555,0.617421293,6.535322189
9.266666667,556,0.618533763,6.534911156
9.283333333,557,0.619646234,6.533505917
9.3,558,0.620758705,6.530563355
9.316666667,559,0.621871176,6.528330803
9.333333333,560,0.622983647,6.526342392
9.35,561,0.624096117,6.522442341
9.366666667,562,0.625208588,6.520403385
9.383333333,563,0.626321059,6.518776894
9.4,564,0.62743353,6.518736363
9.416666667,565,0.628546001,6.517522335
9.433333333,566,0.629658471,6.512819767
9.45,567,0.630770942,6.50811863
9.466666667,568,0.631883413,6.507886887
9.483333333,569,0.632995884,6.506034374
9.5,570,0.634108355,6.503748417
9.516666667,571,0.635220825,6.501162052
9.533333333,572,0.636333296,6.498325348
9.55,573,0.637445767,6.496070385
9.566666667,574,0.638558238,6.493527889
9.583333333,575,0.639670709,6.490586758
9.6,576,0.640783179,6.489254475
9.616666667,577,0.64189565,6.490107536
9.633333333,578,0.643008121,6.487766743
9.65,579,0.644120592,6.481637478
9.666666667,580,0.645233063,6.478844643
9.683333333,581,0.646345533,6.47345686
9.7,582,0.647458004,6.471356392
9.716666667,583,0.648570475,6.470125675
9.733333333,584,0.649682946,6.468769074
9.75,585,0.650795417,6.466670513
9.766666667,586,0.651907887,6.466491222
9.783333333,587,0.653020358,6.46396637
9.8,588,0.654132829,6.462464809
9.816666667,589,0.6552453,6.458997726
9.833333333,590,0.656357771,6.456044197
9.85,591,0.657470241,6.455379486
9.866666667,592,0.658582712,6.453748703
9.883333333,593,0.659695183,6.450234413
9.9,594,0.660807654,6.447784901
9.916666667,595,0.661920125,6.445644379
9.933333333,596,0.663032595,6.442245483
9.95,597,0.664145066,6.436965466
9.966666667,598,0.665257537,6.435055256
9.983333333,599,0.666370008,6.433405399
10,600,0.667482479,6.432130814
10.01666667,601,0.668594949,6.430287361
10.03333333,602,0.66970742,6.428922176
10.05,603,0.670819891,6.427914619
10.06666667,604,0.671932362,6.424911976
10.08333333,605,0.673044833,6.423356056
10.1,606,0.674157303,6.418249607
10.11666667,607,0.675269774,6.416490078
10.13333333,608,0.676382245,6.416964531
10.15,609,0.677494716,6.413890839
10.16666667,610,0.678607187,6.41139555
10.18333333,611,0.679719657,6.409854412
10.2,612,0.680832128,6.404914856
10.21666667,613,0.681944599,6.455040455
10.23333333,614,0.68305707,6.454543114
10.25,615,0.684169541,6.401278973
10.26666667,616,0.685282011,6.399136066
10.28333333,617,0.686394482,6.396012783
10.3,618,0.687506953,6.393932819
10.31666667,619,0.688619424,6.392610073
10.33333333,620,0.689731895,6.390935898
10.35,621,0.690844365,6.388138294
10.36666667,622,0.691956836,6.385183334
10.38333333,623,0.693069307,6.382847309
10.4,624,0.694181778,6.380843163
10.41666667,625,0.695294249,6.378587246
10.43333333,626,0.696406719,6.376703262
10.45,627,0.69751919,6.375131607
10.46666667,628,0.698631661,6.373429298
10.48333333,629,0.699744132,6.371449947
10.5,630,0.700856603,6.367587566
10.51666667,631,0.701969073,6.363302708
10.53333333,632,0.703081544,6.360295773
10.55,633,0.704194015,6.357689381
10.56666667,634,0.705306486,6.358294487
10.58333333,635,0.706418957,6.35475111
10.6,636,0.707531427,6.353121758
10.61666667,637,0.708643898,6.35000658
10.63333333,638,0.709756369,6.345339298
10.65,639,0.71086884,6.341511726
10.66666667,640,0.71198131,6.338356972
10.68333333,641,0.713093781,6.336237431
10.7,642,0.714206252,6.333498955
10.71666667,643,0.715318723,6.331595421
10.73333333,644,0.716431194,6.329079151
10.75,645,0.717543664,6.327325344
10.76666667,646,0.718656135,6.324136734
10.78333333,647,0.719768606,6.319390297
10.8,648,0.720881077,6.31969738
10.81666667,649,0.721993548,6.316823959
10.83333333,650,0.723106018,6.313650608
10.85,651,0.724218489,6.310748577
10.86666667,652,0.72533096,6.306790352
10.88333333,653,0.726443431,6.304227829
10.9,654,0.727555902,6.303415775
10.91666667,655,0.728668372,6.300683498
10.93333333,656,0.729780843,6.299113751
10.95,657,0.730893314,6.293468952
10.96666667,658,0.732005785,6.291929722
10.98333333,659,0.733118256,6.289596081
11,660,0.734230726,6.285418987
11.01666667,661,0.735343197,6.280868053
11.03333333,662,0.736455668,6.278924942
11.05,663,0.737568139,6.276720047
11.06666667,664,0.73868061,6.275069237
11.08333333,665,0.73979308,6.273528099
11.1,666,0.740905551,6.268061161
11.11666667,667,0.742018022,6.263872147
11.13333333,668,0.743130493,6.262171745
11.15,669,0.744242964,6.262533188
11.16666667,670,0.745355434,6.260956764
11.18333333,671,0.746467905,6.258336544
11.2,672,0.747580376,6.256043434
11.21666667,673,0.748692847,6.251268387
11.23333333,674,0.749805318,6.248929024
11.25,675,0.750917788,6.245442867
11.26666667,676,0.752030259,6.240675449
11.28333333,677,0.75314273,6.238200665
11.3,678,0.754255201,6.236534596
11.31666667,679,0.755367672,6.234031677
11.33333333,680,0.756480142,6.231482506
11.35,681,0.757592613,6.227773666
11.36666667,682,0.758705084,6.224673748
11.38333333,683,0.759817555,6.222729683
11.4,684,0.760930026,6.219490051
11.41666667,685,0.762042496,6.215091705
11.43333333,686,0.763154967,6.210739136
11.45,687,0.764267438,6.207124233
11.46666667,688,0.765379909,6.203531742
11.48333333,689,0.76649238,6.199455738
11.5,690,0.76760485,6.197446823
11.51666667,691,0.768717321,6.192399979
11.53333333,692,0.769829792,6.188608646
11.55,693,0.770942263,6.187137127
11.56666667,694,0.772054734,6.183974266
11.58333333,695,0.773167204,6.180693626
11.6,696,0.774279675,6.177371979
11.61666667,697,0.775392146,6.174615383
11.63333333,698,0.776504617,6.171818256
11.65,699,0.777617088,6.168496132
11.66666667,700,0.778729558,6.166423321
11.68333333,701,0.779842029,6.165480614
11.7,702,0.7809545,6.160217762
11.71666667,703,0.782066971,6.158211708
11.73333333,704,0.783179442,6.156237125
11.75,705,0.784291912,6.151223183
11.76666667,706,0.785404383,6.147781849
11.78333333,707,0.786516854,6.145298481
11.8,708,0.787629325,6.142338753
11.81666667,709,0.788741796,6.138744831
11.83333333,710,0.789854266,6.134950161
11.85,711,0.790966737,6.131309032
11.86666667,712,0.792079208,6.126714706
11.88333333,713,0.793191679,6.121607781
11.9,714,0.79430415,6.119681358
11.91666667,715,0.79541662,6.1177001
11.93333333,716,0.796529091,6.1133461
11.95,717,0.797641562,6.10827446
11.96666667,718,0.798754033,6.105613232
11.98333333,719,0.799866504,6.102236271
12,720,0.800978974,6.098348141
12.01666667,721,0.802091445,6.095434666
12.03333333,722,0.803203916,6.091745853
12.05,723,0.804316387,6.089277744
12.06666667,724,0.805428857,6.085357666
12.08333333,725,0.806541328,6.082083702
12.1,726,0.807653799,6.077952862
12.11666667,727,0.80876627,6.074505806
12.13333333,728,0.809878741,6.073054791
12.15,729,0.810991211,6.068796635
12.16666667,730,0.812103682,6.065840244
12.18333333,731,0.813216153,6.060722351
12.2,732,0.814328624,6.054867268
12.21666667,733,0.815441095,6.049286842
12.23333333,734,0.816553565,6.046321869
12.25,735,0.817666036,6.043878555
12.26666667,736,0.818778507,6.037175179
12.28333333,737,0.819890978,6.034111023
12.3,738,0.821003449,6.030164242
12.31666667,739,0.822115919,6.025352001
12.33333333,740,0.82322839,6.021674633
12.35,741,0.824340861,6.019106865
12.36666667,742,0.825453332,6.014249802
12.38333333,743,0.826565803,6.010390759
12.4,744,0.827678273,6.007098198
12.41666667,745,0.828790744,6.003026485
12.43333333,746,0.829903215,5.999415398
12.45,747,0.831015686,5.995005608
12.46666667,748,0.832128157,5.991417885
12.48333333,749,0.833240627,5.986926556
12.5,750,0.834353098,5.983809948
12.51666667,751,0.835465569,5.978960514
12.53333333,752,0.83657804,5.976187706
12.55,753,0.837690511,5.970724106
12.56666667,754,0.838802981,5.968085766
12.58333333,755,0.839915452,5.963530541
12.6,756,0.841027923,5.958619595
12.61666667,757,0.842140394,5.952691555
12.63333333,758,0.843252865,5.948431015
12.65,759,0.844365335,5.944654942
12.66666667,760,0.845477806,5.941561699
12.68333333,761,0.846590277,5.935627461
12.7,762,0.847702748,5.931141377
12.71666667,763,0.848815219,5.925737381
12.73333333,764,0.849927689,5.922095299
12.75,765,0.85104016,5.917356491
12.76666667,766,0.852152631,5.912589073
12.78333333,767,0.853265102,5.90760994
12.8,768,0.854377573,5.904756069
12.81666667,769,0.855490043,5.900699139
12.83333333,770,0.856602514,5.895893097
12.85,771,0.857714985,5.89232254
12.86666667,772,0.858827456,5.888876915
12.88333333,773,0.859939927,5.881943703
12.9,774,0.861052397,5.8766222
12.91666667,775,0.862164868,5.872664452
12.93333333,776,0.863277339,5.866966248
12.95,777,0.86438981,5.861868382
12.96666667,778,0.865502281,5.857843399
12.98333333,779,0.866614751,5.850746155
13,780,0.867727222,5.843957901
13.01666667,781,0.868839693,5.838851452
13.03333333,782,0.869952164,5.835280418
13.05,783,0.871064635,5.830216408
13.06666667,784,0.872177105,5.825629234
13.08333333,785,0.873289576,5.819176674
13.1,786,0.874402047,5.812148094
13.11666667,787,0.875514518,5.806071281
13.13333333,788,0.876626989,5.799234867
13.15,789,0.877739459,5.794847012
13.16666667,790,0.87885193,5.788959026
13.18333333,791,0.879964401,5.782867909
13.2,792,0.881076872,5.777134419
13.21666667,793,0.882189343,5.773744106
13.23333333,794,0.883301813,5.769788265
13.25,795,0.884414284,5.762746334
13.26666667,796,0.885526755,5.756917
13.28333333,797,0.886639226,5.753625393
13.3,798,0.887751697,5.746722698
13.31666667,799,0.888864167,5.740785122
13.33333333,800,0.889976638,5.732829094
13.35,801,0.891089109,5.724861622
13.36666667,802,0.89220158,5.718173027
13.38333333,803,0.893314051,5.707510948
13.4,804,0.894426521,5.700683117
13.41666667,805,0.895538992,5.696160317
13.43333333,806,0.896651463,5.688506126
13.45,807,0.897763934,5.682246685
13.46666667,808,0.898876404,5.676481247
13.48333333,809,0.899988875,5.672053337
13.5,810,0.901101346,5.661623478
13.51666667,811,0.902213817,5.655788422
13.53333333,812,0.903326288,5.648344994
13.55,813,0.904438758,5.642112732
13.56666667,814,0.905551229,5.635387898
13.58333333,815,0.9066637,5.628088951
13.6,816,0.907776171,5.622203827
13.61666667,817,0.908888642,5.614472389
13.63333333,818,0.910001112,5.605752468
13.65,819,0.911113583,5.599353313
13.66666667,820,0.912226054,5.593258381
13.68333333,821,0.913338525,5.58549881
13.7,822,0.914450996,5.575621605
13.71666667,823,0.915563466,5.565611839
13.73333333,824,0.916675937,5.556581497
13.75,825,0.917788408,5.549294472
13.76666667,826,0.918900879,5.541954041
13.78333333,827,0.92001335,5.534296989
13.8,828,0.92112582,5.525047779
13.81666667,829,0.922238291,5.517160893
13.83333333,830,0.923350762,5.506075859
13.85,831,0.924463233,5.497040272
13.86666667,832,0.925575704,5.491847515
13.88333333,833,0.926688174,5.481076241
13.9,834,0.927800645,5.471669674
13.91666667,835,0.928913116,5.462975025
13.93333333,836,0.930025587,5.453933716
13.95,837,0.931138058,5.443917275
13.96666667,838,0.932250528,5.43636179
13.98333333,839,0.933362999,5.427482128
14,840,0.93447547,5.418748379
14.01666667,841,0.935587941,5.408955574
14.03333333,842,0.936700412,5.398492813
14.05,843,0.937812882,5.385420322
14.06666667,844,0.938925353,5.375183106
14.08333333,845,0.940037824,5.362055779
14.1,846,0.941150295,5.351368427
14.11666667,847,0.942262766,5.34034586
14.13333333,848,0.943375236,5.330170155
14.15,849,0.944487707,5.32126236
14.16666667,850,0.945600178,5.309271336
14.18333333,851,0.946712649,5.296277046
14.2,852,0.94782512,5.283845902
14.21666667,853,0.94893759,5.268348694
14.23333333,854,0.950050061,5.249489784
14.25,855,0.951162532,5.23838234
14.26666667,856,0.952275003,5.223310471
14.28333333,857,0.953387474,5.207686424
14.3,858,0.954499944,5.194528103
14.31666667,859,0.955612415,5.260305882
14.33333333,860,0.956724886,5.16187048
14.35,861,0.957837357,5.14048624
14.36666667,862,0.958949828,5.125648975
14.38333333,863,0.960062298,5.10993433
14.4,864,0.961174769,5.080053806
14.41666667,865,0.96228724,5.061272144
14.43333333,866,0.963399711,5.040445805
14.45,867,0.964512182,5.019189835
14.46666667,868,0.965624652,5.002724648
14.48333333,869,0.966737123,4.983056068
14.5,870,0.967849594,4.9599123
14.51666667,871,0.968962065,4.940751076
14.53333333,872,0.970074536,4.923593044
14.55,873,0.971187006,4.905904293
14.56666667,874,0.972299477,4.884547234
14.58333333,875,0.973411948,4.863717556
14.6,876,0.974524419,4.839847088
14.61666667,877,0.97563689,4.817870617
14.63333333,878,0.97674936,4.793234348
14.65,879,0.977861831,4.768037796
14.66666667,880,0.978974302,4.74757576
14.68333333,881,0.980086773,4.727471352
14.7,882,0.981199244,4.707231045
14.71666667,883,0.982311714,4.686069965
14.73333333,884,0.983424185,4.664113045
14.75,885,0.984536656,4.638780117
14.76666667,886,0.985649127,4.61253643
14.78333333,887,0.986761598,4.590940476
14.8,888,0.987874068,4.563319683
14.81666667,889,0.988986539,4.536149979
14.83333333,890,0.99009901,4.513856888
14.85,891,0.991211481,4.493763924
14.86666667,892,0.992323951,4.476071358
14.88333333,893,0.993436422,4.45403862
14.9,894,0.994548893,4.437238216
14.91666667,895,0.995661364,4.418064594
14.93333333,896,0.996773835,4.397546291
14.95,897,0.997886305,4.373510838
14.96666667,898,0.998998776,4.354465962
14.98333333,899,1.000111247,4.336741924
15,900,1.001223718,4.318806648
15.01666667,901,1.002336189,4.304569244
15.03333333,902,1.003448659,4.28907156
15.05,903,1.00456113,4.2738204
15.06666667,904,1.005673601,4.2578125
15.08333333,905,1.006786072,4.242662907
15.1,906,1.007898543,4.22933054
15.11666667,907,1.009011013,4.21126318
15.13333333,908,1.010123484,4.198651791
15.15,909,1.011235955,4.188114166
15.16666667,910,1.012348426,4.175825596
15.18333333,911,1.013460897,4.164601326
15.2,912,1.014573367,4.148082256
15.21666667,913,1.015685838,4.13618803
15.23333333,914,1.016798309,4.121873856
15.25,915,1.01791078,4.110112667
15.26666667,916,1.019023251,4.103923798
15.28333333,917,1.020135721,4.092257023
15.3,918,1.021248192,4.080500126
15.31666667,919,1.022360663,4.070189476
15.33333333,920,1.023473134,4.062278271
15.35,921,1.024585605,4.051805019
15.36666667,922,1.025698075,4.043047428
15.38333333,923,1.026810546,4.031330586
15.4,924,1.027923017,4.017906666
15.41666667,925,1.029035488,4.008956909
15.43333333,926,1.030147959,4.003691196
15.45,927,1.031260429,3.995459795
15.46666667,928,1.0323729,3.984776974
15.48333333,929,1.033485371,3.978175402
15.5,930,1.034597842,3.971164942
15.51666667,931,1.035710313,3.963299751
15.53333333,932,1.036822783,3.954565764
15.55,933,1.037935254,3.949845791
15.56666667,934,1.039047725,3.941533089
15.58333333,935,1.040160196,3.931693554
15.6,936,1.041272667,3.924708843
15.61666667,937,1.042385137,3.917243242
15.63333333,938,1.043497608,3.912469149
15.65,939,1.044610079,3.90557909
15.66666667,940,1.04572255,3.898062468
15.68333333,941,1.046835021,3.891989708
15.7,942,1.047947491,3.885354757
15.71666667,943,1.049059962,3.879418135
15.73333333,944,1.050172433,3.870010614
15.75,945,1.051284904,3.861593723
15.76666667,946,1.052397375,3.855666161
15.78333333,947,1.053509845,3.851261616
15.8,948,1.054622316,3.845011234
15.81666667,949,1.055734787,3.838588238
15.83333333,950,1.056847258,3.833699942
15.85,951,1.057959729,3.830509424
15.86666667,952,1.059072199,3.824846983
15.88333333,953,1.06018467,3.821273565
15.9,954,1.061297141,3.815923691
15.91666667,955,1.062409612,3.806754112
15.93333333,956,1.063522083,3.800047875
15.95,957,1.064634553,3.793820143
15.96666667,958,1.065747024,3.789182186
15.98333333,959,1.066859495,3.78501749
16,960,1.067971966,3.777426004
16.01666667,961,1.069084437,3.773340941
16.03333333,962,1.070196907,3.770022631
16.05,963,1.071309378,3.764163971
16.06666667,964,1.072421849,3.762009621
16.08333333,965,1.07353432,3.756942511
16.1,966,1.074646791,3.752506733
16.11666667,967,1.075759261,3.749223232
16.13333333,968,1.076871732,3.742762804
16.15,969,1.077984203,3.736528873
16.16666667,970,1.079096674,3.733710766
16.18333333,971,1.080209145,3.732920885
16.2,972,1.081321615,3.729263783
16.21666667,973,1.082434086,3.724010706
16.23333333,974,1.083546557,3.720876694
16.25,975,1.084659028,3.716798782
16.26666667,976,1.085771498,3.713099718
16.28333333,977,1.086883969,3.707570791
16.3,978,1.08799644,3.701541185
16.31666667,979,1.089108911,3.698172569
16.33333333,980,1.090221382,3.695835829
16.35,981,1.091333852,3.692289591
16.36666667,982,1.092446323,3.686755419
16.38333333,983,1.093558794,3.684006691
16.4,984,1.094671265,3.677958965
16.41666667,985,1.095783736,3.675022602
16.43333333,986,1.096896206,3.67334652
16.45,987,1.098008677,3.671625853
16.46666667,988,1.099121148,3.666224957
16.48333333,989,1.100233619,3.659085274
16.5,990,1.10134609,3.657124996
16.51666667,991,1.10245856,3.65461874
16.53333333,992,1.103571031,3.652157307
16.55,993,1.104683502,3.647803307
16.56666667,994,1.105795973,3.643412113
16.58333333,995,1.106908444,3.640751839
16.6,996,1.108020914,3.636785269
16.61666667,997,1.109133385,3.63446188
16.63333333,998,1.110245856,3.633078814
16.65,999,1.111358327,3.628830671
16.66666667,1000,1.112470798,3.62596488
16.68333333,1001,1.113583268,3.621560335
16.7,1002,1.114695739,3.620879412
16.71666667,1003,1.11580821,3.618712187
16.73333333,1004,1.116920681,3.615403175
16.75,1005,1.118033152,3.610269785
16.76666667,1006,1.119145622,3.606064081
16.78333333,1007,1.120258093,3.603641272
16.8,1008,1.121370564,3.599581718
16.81666667,1009,1.122483035,3.598684549
16.83333333,1010,1.123595506,3.596972942
16.85,1011,1.124707976,3.592403173
16.86666667,1012,1.125820447,3.591081619
16.88333333,1013,1.126932918,3.588971615
16.9,1014,1.128045389,3.586494207
16.91666667,1015,1.12915786,3.585526466
16.93333333,1016,1.13027033,3.582005739
16.95,1017,1.131382801,3.577043057
16.96666667,1018,1.132495272,3.573702335
16.98333333,1019,1.133607743,3.571825743
17,1020,1.134720214,3.56703496
17.01666667,1021,1.135832684,3.562352419
17.03333333,1022,1.136945155,3.562093258
17.05,1023,1.138057626,3.559536934
17.06666667,1024,1.139170097,3.559121609
17.08333333,1025,1.140282568,3.557534695
17.1,1026,1.141395038,3.549029112
17.11666667,1027,1.142507509,3.549099445
17.13333333,1028,1.14361998,3.546434879
17.15,1029,1.144732451,3.545725584
17.16666667,1030,1.145844922,3.543984652
17.18333333,1031,1.146957392,3.542477608
17.2,1032,1.148069863,3.536535978
17.21666667,1033,1.149182334,3.536177874
17.23333333,1034,1.150294805,3.536064863
17.25,1035,1.151407276,3.532180071
17.26666667,1036,1.152519746,3.526495934
17.28333333,1037,1.153632217,3.526096344
17.3,1038,1.154744688,3.523157358
17.31666667,1039,1.155857159,3.519973993
17.33333333,1040,1.15696963,3.519007206
17.35,1041,1.1580821,3.516479254
17.36666667,1042,1.159194571,3.515261412
17.38333333,1043,1.160307042,3.513500691
17.4,1044,1.161419513,3.510558367
17.41666667,1045,1.162531984,3.509176016
17.43333333,1046,1.163644454,3.507387161
17.45,1047,1.164756925,3.504976273
17.46666667,1048,1.165869396,3.502415419
17.48333333,1049,1.166981867,3.500843287
17.5,1050,1.168094338,3.498987198
17.51666667,1051,1.169206808,3.497864962
17.53333333,1052,1.170319279,3.494883537
17.55,1053,1.17143175,3.491170645
17.56666667,1054,1.172544221,3.490846872
17.58333333,1055,1.173656692,3.488338232
17.6,1056,1.174769162,3.48589921
17.61666667,1057,1.175881633,3.483218193
17.63333333,1058,1.176994104,3.480585575
17.65,1059,1.178106575,3.476503849
17.66666667,1060,1.179219046,3.475653648
17.68333333,1061,1.180331516,3.475871563
17.7,1062,1.181443987,3.472673416
17.71666667,1063,1.182556458,3.47080636
17.73333333,1064,1.183668929,3.468945742
17.75,1065,1.184781399,3.468264103
17.76666667,1066,1.18589387,3.465600967
17.78333333,1067,1.187006341,3.46500206
17.8,1068,1.188118812,3.462725401
17.81666667,1069,1.189231283,3.460829735
17.83333333,1070,1.190343753,3.458138704
17.85,1071,1.191456224,3.456701279
17.86666667,1072,1.192568695,3.451736927
17.88333333,1073,1.193681166,3.449720621
17.9,1074,1.194793637,3.450468063
17.91666667,1075,1.195906107,3.444904089
17.93333333,1076,1.197018578,3.44325614
17.95,1077,1.198131049,3.443224192
17.96666667,1078,1.19924352,3.443720341
17.98333333,1079,1.200355991,3.442261219
18,1080,1.201468461,3.440781832
18.01666667,1081,1.202580932,3.438136339
18.03333333,1082,1.203693403,3.436126471
18.05,1083,1.204805874,3.43524766
18.06666667,1084,1.205918345,3.432861328
18.08333333,1085,1.207030815,3.430748701
18.1,1086,1.208143286,3.430873632
18.11666667,1087,1.209255757,3.429075956
18.13333333,1088,1.210368228,3.427136183
18.15,1089,1.211480699,3.42636919
18.16666667,1090,1.212593169,3.424022675
18.18333333,1091,1.21370564,3.422706127
18.2,1092,1.214818111,3.421957254
18.21666667,1093,1.215930582,3.421001196
18.23333333,1094,1.217043053,3.419698954
18.25,1095,1.218155523,3.419134378
18.26666667,1096,1.219267994,3.416559935
18.28333333,1097,1.220380465,3.413627625
18.3,1098,1.221492936,3.4117589
18.31666667,1099,1.222605407,3.408902884
18.33333333,1100,1.223717877,3.406184197
18.35,1101,1.224830348,3.405018568
18.36666667,1102,1.225942819,3.404697895
18.38333333,1103,1.22705529,3.403250456
18.4,1104,1.228167761,3.401078463
18.41666667,1105,1.229280231,3.399275303
18.43333333,1106,1.230392702,3.39805913
18.45,1107,1.231505173,3.396890163
18.46666667,1108,1.232617644,3.3948524
18.48333333,1109,1.233730115,3.39151907
18.5,1110,1.234842585,3.389418602
18.51666667,1111,1.235955056,3.389420748
18.53333333,1112,1.237067527,3.389514923
18.55,1113,1.238179998,3.387845516
18.56666667,1114,1.239292469,3.385815144
18.58333333,1115,1.240404939,3.384576559
18.6,1116,1.24151741,3.383677959
18.61666667,1117,1.242629881,3.383422613
18.63333333,1118,1.243742352,3.382634163
18.65,1119,1.244854823,3.379896641
18.66666667,1120,1.245967293,3.378482819
18.68333333,1121,1.247079764,3.377319098
18.7,1122,1.248192235,3.374548912
18.71666667,1123,1.249304706,3.371893168
18.73333333,1124,1.250417177,3.370754719
18.75,1125,1.251529647,3.370569468
18.76666667,1126,1.252642118,3.369380951
18.78333333,1127,1.253754589,3.367839813
18.8,1128,1.25486706,3.365292788
18.81666667,1129,1.255979531,3.363946438
18.83333333,1130,1.257092001,3.36267066
18.85,1131,1.258204472,3.361526728
18.86666667,1132,1.259316943,3.358963966
18.88333333,1133,1.260429414,3.356662989
18.9,1134,1.261541885,3.355630636
18.91666667,1135,1.262654355,3.352080107
18.93333333,1136,1.263766826,3.350140095
18.95,1137,1.264879297,3.350912094
18.96666667,1138,1.265991768,3.350723982
18.98333333,1139,1.267104239,3.348083019
19,1140,1.268216709,3.348177671
19.01666667,1141,1.26932918,3.346689701
19.03333333,1142,1.270441651,3.345749378
19.05,1143,1.271554122,3.344218731
19.06666667,1144,1.272666593,3.34346652
19.08333333,1145,1.273779063,3.342936277
19.1,1146,1.274891534,3.340629816
19.11666667,1147,1.276004005,3.339506626
19.13333333,1148,1.277116476,3.339058161
19.15,1149,1.278228946,3.337774277
19.16666667,1150,1.279341417,3.337628841
19.18333333,1151,1.280453888,3.335900784
19.2,1152,1.281566359,3.334819794
19.21666667,1153,1.28267883,3.330779314
19.23333333,1154,1.2837913,3.330654383
19.25,1155,1.284903771,3.331108809
19.26666667,1156,1.286016242,3.327816486
19.28333333,1157,1.287128713,3.325878382
19.3,1158,1.288241184,3.325407505
19.31666667,1159,1.289353654,3.323649406
19.33333333,1160,1.290466125,3.321687698
19.35,1161,1.291578596,3.323258638
19.36666667,1162,1.292691067,3.321604967
19.38333333,1163,1.293803538,3.319892645
19.4,1164,1.294916008,3.319579601
19.41666667,1165,1.296028479,3.317323923
19.43333333,1166,1.29714095,3.315660954
19.45,1167,1.298253421,3.314842224
19.46666667,1168,1.299365892,3.314102888
19.48333333,1169,1.300478362,3.314235449
19.5,1170,1.301590833,3.312781334
19.51666667,1171,1.302703304,3.310405493
19.53333333,1172,1.303815775,3.30772233
19.55,1173,1.304928246,3.306124687
19.56666667,1174,1.306040716,3.305146694
19.58333333,1175,1.307153187,3.304527044
19.6,1176,1.308265658,3.302257776
19.61666667,1177,1.309378129,3.300147295
19.63333333,1178,1.3104906,3.299230814
19.65,1179,1.31160307,3.298924208
19.66666667,1180,1.312715541,3.296477318
19.68333333,1181,1.313828012,3.295318365
19.7,1182,1.314940483,3.293129921
19.71666667,1183,1.316052954,3.292781353
19.73333333,1184,1.317165424,3.292616367
19.75,1185,1.318277895,3.292793036
19.76666667,1186,1.319390366,3.291849136
19.78333333,1187,1.320502837,3.290950298
19.8,1188,1.321615308,3.288990498
19.81666667,1189,1.322727778,3.28843832
19.83333333,1190,1.323840249,3.287907362
19.85,1191,1.32495272,3.286034584
19.86666667,1192,1.326065191,3.284649134
19.88333333,1193,1.327177662,3.283271551
19.9,1194,1.328290132,3.283164501
19.91666667,1195,1.329402603,3.282814503
19.93333333,1196,1.330515074,3.28142786
19.95,1197,1.331627545,3.282006502
19.96666667,1198,1.332740016,3.28100872
19.98333333,1199,1.333852486,3.279038429
20,1200,1.334964957,3.276569367
20.01666667,1201,1.336077428,3.277416468
20.03333333,1202,1.337189899,3.276695728
20.05,1203,1.33830237,3.274652004
20.06666667,1204,1.33941484,3.2710886
20.08333333,1205,1.340527311,3.271800518
20.1,1206,1.341639782,3.271143436
20.11666667,1207,1.342752253,3.269836664
20.13333333,1208,1.343864724,3.269910336
20.15,1209,1.344977194,3.268742323
20.16666667,1210,1.346089665,3.266787052
20.18333333,1211,1.347202136,3.266712189
20.2,1212,1.348314607,3.264909744
20.21666667,1213,1.349427078,3.264454603
20.23333333,1214,1.350539548,3.263764858
20.25,1215,1.351652019,3.263359785
20.26666667,1216,1.35276449,3.261759281
20.28333333,1217,1.353876961,3.262591362
20.3,1218,1.354989432,3.261033535
20.31666667,1219,1.356101902,3.259404898
20.33333333,1220,1.357214373,3.258261442
20.35,1221,1.358326844,3.256851673
20.36666667,1222,1.359439315,3.255639315
20.38333333,1223,1.360551786,3.254942656
20.4,1224,1.361664256,3.254039049
20.41666667,1225,1.362776727,3.255042315
20.43333333,1226,1.363889198,3.25372982
20.45,1227,1.365001669,3.251578569
20.46666667,1228,1.36611414,3.249773741
20.48333333,1229,1.36722661,3.247276068
20.5,1230,1.368339081,3.246958256
20.51666667,1231,1.369451552,3.244849205
20.53333333,1232,1.370564023,3.242730141
20.55,1233,1.371676493,3.243148327
20.56666667,1234,1.372788964,3.242766857
20.58333333,1235,1.373901435,3.242504358
20.6,1236,1.375013906,3.241965056
20.61666667,1237,1.376126377,3.240750313
20.63333333,1238,1.377238847,3.241057873
20.65,1239,1.378351318,3.240061283
20.66666667,1240,1.379463789,3.239684582
20.68333333,1241,1.38057626,3.238567114
20.7,1242,1.381688731,3.238282204
20.71666667,1243,1.382801201,3.23743391
20.73333333,1244,1.383913672,3.235548496
20.75,1245,1.385026143,3.232665539
20.76666667,1246,1.386138614,3.23116684
20.78333333,1247,1.387251085,3.229771853
20.8,1248,1.388363555,3.229676247
20.81666667,1249,1.389476026,3.230221987
20.83333333,1250,1.390588497,3.230216742
20.85,1251,1.391700968,3.230473518
20.86666667,1252,1.392813439,3.229610682
